--
-- 转存表中的数据 `qs_jobfair`
--

INSERT INTO `qs_jobfair` (`id`,`display`,`predetermined_status`,`predetermined_web`,`predetermined_tel`,`predetermined_point`,`title`,`introduction`,`address`,`contact`,`phone`,`bus`,`holddate_start`,`holddate_end`,`predetermined_start`,`predetermined_end`,`number`,`addtime`,`ordid`,`click`,`participants_object`,`price`,`registration_method`,`thumb`,`intro_img`,`map_x`,`map_y`,`map_zoom`,`tpl_id`) VALUES
(1,1,1,0,0,0,'9月8日（周四）小型专场招聘会','&lt;p&gt;\r\n	1、提供标准企业招聘用展位一个、椅子2-3把。\r\n&lt;/p&gt;\r\n&lt;p&gt;\r\n	2、可赠送招聘海报1张(打印制成，500字以内，需发送电子版至&lt;a href=&quot;mailto:123456789@qq.com&quot;&gt;123456789@qq.com&lt;/a&gt;，免费赠送一张，加做每张10元。);\r\n&lt;/p&gt;\r\n&lt;p&gt;\r\n	3、大会免费向招聘单位提供求职登记表、笔、饮用水等物品。\r\n&lt;/p&gt;','镇江市运河路100号，苏南人力资源市场二楼招聘大厅','陈鹏锐，汪小燕','0511-84411693,84403803','12,15,18,19,24,29,52,56,102,106,213,k38,d2路，宝塔山公园下北100米',1477843200,1480435200,0,0,'100',1472818523,0,1,'镇江市中小企业','【展位费用】展位规格：3米*1米隔断式展位\r\n\r\n一级展位300元(特惠活动：3场600元,5场900元)\r\n\r\n二级展位200元(特惠活动：3场400元,5场600元，限周三五日参加)\r\n\r\n另外面向招聘需求量较大的单位提供优惠套餐(限周三五日参加，不限次数)\r\n\r\n月套餐1000元，季度套(3个月)2500元\r\n\r\n半年套(6个月)4500元，全年套(12个月)8000元','在线预定、电话预定','16/09/26/57c96d5b37541.jpg','','0.000000','0.000000',0,0),
(2,1,1,0,0,0,'10月8日-10日综合招聘','1、提供标准企业招聘用展位一个、椅子2-3把。&lt;br /&gt;\r\n&lt;br /&gt;\r\n2、可赠送招聘海报1张(打印制成，500字以内，需发送电子版至123456789@qq.com，免费赠送一张，加做每张10元。);&lt;br /&gt;\r\n&lt;br /&gt;\r\n3、大会免费向招聘单位提供求职登记表、笔、饮用水等物品。&lt;br /&gt;\r\n&lt;div&gt;\r\n	&lt;br /&gt;\r\n&lt;/div&gt;','镇江市运河路100号，苏南人力资源市场二楼招聘大厅','陈鹏，汪燕','0511-84411693,84403803','12,15,18,19,24,29,52,56,102,106,213,k38,d2路，宝塔山公园下北100米',1477929600,1480435200,0,0,'3200',1474856911,0,1,'市内各大用人单位','展位规格：3米*1米隔断式展位\r\n\r\n一级展位300元(特惠活动：3场600元,5场900元)\r\n\r\n二级展位200元(特惠活动：3场400元,5场600元，限周三五日参加)\r\n\r\n另外面向招聘需求量较大的单位提供优惠套餐(限周三五日参加，不限次数)\r\n\r\n月套餐1000元，季度套(3个月)2500元\r\n\r\n半年套(6个月)4500元，全年套(12个月)8000元\r\n\r\n招聘会规模宣传：千余家来自全国各行各业优秀企业招贤纳才，万余招聘岗位虚位以待。为各类应往届毕业生及社会各类优秀人才提供就业岗位。\r\n','在线预定，电话预定','16/09/26/57e887cf02d37.jpg','','112.569241','37.851437',14,0);

--
-- 转存表中的数据 `qs_jobfair_area`
--

INSERT INTO `qs_jobfair_area` (`id`, `jobfair_id`, `area`) VALUES
(3,1,'A'),
(4,1,'B'),
(5,1,'C'),
(6,1,'D'),
(7,1,'E'),
(8,2,'A'),
(9,2,'B'),
(10,2,'D'),
(11,2,'E'),
(12,2,'C');

--
-- 转存表中的数据 `qs_jobfair_position`
--

INSERT INTO `qs_jobfair_position` (`id`, `jobfair_id`, `area_id`, `position`, `company_id`, `company_uid`, `company_name`, `status`, `orderid`) VALUES
(70, 1, '3', 'A10', 0, 0, '', 0, 10),
(69, 1, '3', 'A9', 0, 0, '', 0, 9),
(68, 1, '3', 'A8', 0, 0, '', 0, 8),
(67, 1, '3', 'A7', 0, 0, '', 0, 7),
(66, 1, '3', 'A6', 0, 0, '', 0, 6),
(65, 1, '3', 'A5', 0, 0, '', 0, 5),
(64, 1, '3', 'A4', 0, 0, '', 0, 4),
(63, 1, '3', 'A3', 0, 0, '', 0, 3),
(62, 1, '3', 'A2', 0, 0, '', 0, 2),
(61, 1, '3', 'A1', 0, 0, '', 0, 1),
(71, 1, '3', 'A11', 0, 0, '', 0, 11),
(72, 1, '3', 'A12', 0, 0, '', 0, 12),
(73, 1, '3', 'A13', 0, 0, '', 0, 13),
(74, 1, '3', 'A14', 0, 0, '', 0, 14),
(75, 1, '3', 'A15', 0, 0, '', 0, 15),
(76, 1, '3', 'A16', 0, 0, '', 0, 16),
(77, 1, '3', 'A17', 0, 0, '', 0, 17),
(78, 1, '3', 'A18', 0, 0, '', 0, 18),
(79, 1, '3', 'A19', 0, 0, '', 0, 19),
(80, 1, '3', 'A20', 0, 0, '', 0, 20),
(81, 1, '4', 'B30', 0, 0, '', 0, 30),
(82, 1, '4', 'B31', 0, 0, '', 0, 31),
(83, 1, '4', 'B32', 0, 0, '', 0, 32),
(84, 1, '4', 'B33', 0, 0, '', 0, 33),
(85, 1, '4', 'B34', 0, 0, '', 0, 34),
(86, 1, '4', 'B35', 0, 0, '', 0, 35),
(87, 1, '4', 'B36', 0, 0, '', 0, 36),
(88, 1, '4', 'B37', 0, 0, '', 0, 37),
(89, 1, '4', 'B38', 0, 0, '', 0, 38),
(90, 1, '4', 'B39', 0, 0, '', 0, 39),
(91, 1, '4', 'B40', 0, 0, '', 0, 40),
(92, 1, '4', 'B41', 0, 0, '', 0, 41),
(93, 1, '4', 'B42', 0, 0, '', 0, 42),
(94, 1, '4', 'B43', 0, 0, '', 0, 43),
(95, 1, '4', 'B44', 0, 0, '', 0, 44),
(96, 1, '4', 'B45', 0, 0, '', 0, 45),
(97, 1, '4', 'B46', 0, 0, '', 0, 46),
(98, 1, '4', 'B47', 0, 0, '', 0, 47),
(99, 1, '4', 'B48', 0, 0, '', 0, 48),
(100, 1, '4', 'B49', 0, 0, '', 0, 49),
(101, 1, '4', 'B50', 0, 0, '', 0, 50),
(102, 1, '5', 'C50', 0, 0, '', 0, 50),
(103, 1, '5', 'C51', 0, 0, '', 0, 51),
(104, 1, '5', 'C52', 0, 0, '', 0, 52),
(105, 1, '5', 'C53', 0, 0, '', 0, 53),
(106, 1, '5', 'C54', 0, 0, '', 0, 54),
(107, 1, '5', 'C55', 0, 0, '', 0, 55),
(108, 1, '5', 'C56', 0, 0, '', 0, 56),
(109, 1, '5', 'C57', 0, 0, '', 0, 57),
(110, 1, '5', 'C58', 0, 0, '', 0, 58),
(111, 1, '5', 'C59', 0, 0, '', 0, 59),
(112, 1, '5', 'C60', 0, 0, '', 0, 60),
(113, 1, '5', 'C61', 0, 0, '', 0, 61),
(114, 1, '5', 'C62', 0, 0, '', 0, 62),
(115, 1, '5', 'C63', 0, 0, '', 0, 63),
(116, 1, '5', 'C64', 0, 0, '', 0, 64),
(117, 1, '5', 'C65', 0, 0, '', 0, 65),
(118, 1, '5', 'C66', 0, 0, '', 0, 66),
(119, 1, '5', 'C67', 0, 0, '', 0, 67),
(120, 1, '5', 'C68', 0, 0, '', 0, 68),
(121, 1, '5', 'C69', 0, 0, '', 0, 69),
(122, 1, '5', 'C70', 0, 0, '', 0, 70),
(123, 1, '5', 'C71', 0, 0, '', 0, 71),
(124, 1, '5', 'C72', 0, 0, '', 0, 72),
(125, 1, '5', 'C73', 0, 0, '', 0, 73),
(126, 1, '5', 'C74', 0, 0, '', 0, 74),
(127, 1, '5', 'C75', 0, 0, '', 0, 75),
(128, 1, '5', 'C76', 0, 0, '', 0, 76),
(129, 1, '5', 'C77', 0, 0, '', 0, 77),
(130, 1, '5', 'C78', 0, 0, '', 0, 78),
(131, 1, '5', 'C79', 0, 0, '', 0, 79),
(132, 1, '5', 'C80', 0, 0, '', 0, 80),
(133, 1, '6', 'D80', 0, 0, '', 0, 80),
(134, 1, '6', 'D81', 0, 0, '', 0, 81),
(135, 1, '6', 'D82', 0, 0, '', 0, 82),
(136, 1, '6', 'D83', 0, 0, '', 0, 83),
(137, 1, '6', 'D84', 0, 0, '', 0, 84),
(138, 1, '6', 'D85', 0, 0, '', 0, 85),
(139, 1, '6', 'D86', 0, 0, '', 0, 86),
(140, 1, '6', 'D87', 0, 0, '', 0, 87),
(141, 1, '6', 'D88', 0, 0, '', 0, 88),
(142, 1, '6', 'D89', 0, 0, '', 0, 89),
(143, 1, '6', 'D90', 0, 0, '', 0, 90),
(144, 1, '6', 'D91', 0, 0, '', 0, 91),
(145, 1, '6', 'D92', 0, 0, '', 0, 92),
(146, 1, '6', 'D93', 0, 0, '', 0, 93),
(147, 1, '6', 'D94', 0, 0, '', 0, 94),
(148, 1, '6', 'D95', 0, 0, '', 0, 95),
(149, 1, '6', 'D96', 0, 0, '', 0, 96),
(150, 1, '6', 'D97', 0, 0, '', 0, 97),
(151, 1, '6', 'D98', 0, 0, '', 0, 98),
(152, 1, '6', 'D99', 0, 0, '', 0, 99),
(153, 1, '6', 'D100', 0, 0, '', 0, 100),
(154, 1, '6', 'D101', 0, 0, '', 0, 101),
(155, 1, '6', 'D102', 0, 0, '', 0, 102),
(156, 1, '6', 'D103', 0, 0, '', 0, 103),
(157, 1, '6', 'D104', 0, 0, '', 0, 104),
(158, 1, '6', 'D105', 0, 0, '', 0, 105),
(159, 1, '6', 'D106', 0, 0, '', 0, 106),
(160, 1, '6', 'D107', 0, 0, '', 0, 107),
(161, 1, '6', 'D108', 0, 0, '', 0, 108),
(162, 1, '6', 'D109', 0, 0, '', 0, 109),
(163, 1, '6', 'D110', 0, 0, '', 0, 110),
(164, 1, '6', 'D111', 0, 0, '', 0, 111),
(165, 1, '6', 'D112', 0, 0, '', 0, 112),
(166, 1, '6', 'D113', 0, 0, '', 0, 113),
(167, 1, '6', 'D114', 0, 0, '', 0, 114),
(168, 1, '6', 'D115', 0, 0, '', 0, 115),
(169, 1, '6', 'D116', 0, 0, '', 0, 116),
(170, 1, '6', 'D117', 0, 0, '', 0, 117),
(171, 1, '6', 'D118', 0, 0, '', 0, 118),
(172, 1, '6', 'D119', 0, 0, '', 0, 119),
(173, 1, '6', 'D120', 0, 0, '', 0, 120),
(174, 1, '6', 'D121', 0, 0, '', 0, 121),
(175, 1, '6', 'D122', 0, 0, '', 0, 122),
(176, 1, '6', 'D123', 0, 0, '', 0, 123),
(177, 1, '6', 'D124', 0, 0, '', 0, 124),
(178, 1, '6', 'D125', 0, 0, '', 0, 125),
(179, 1, '6', 'D126', 0, 0, '', 0, 126),
(180, 1, '6', 'D127', 0, 0, '', 0, 127),
(181, 1, '6', 'D128', 0, 0, '', 0, 128),
(182, 1, '6', 'D129', 0, 0, '', 0, 129),
(183, 1, '6', 'D130', 0, 0, '', 0, 130),
(184, 1, '6', 'D131', 0, 0, '', 0, 131),
(185, 1, '6', 'D132', 0, 0, '', 0, 132),
(186, 1, '6', 'D133', 0, 0, '', 0, 133),
(187, 1, '6', 'D134', 0, 0, '', 0, 134),
(188, 1, '6', 'D135', 0, 0, '', 0, 135),
(189, 1, '6', 'D136', 0, 0, '', 0, 136),
(190, 1, '6', 'D137', 0, 0, '', 0, 137),
(191, 1, '6', 'D138', 0, 0, '', 0, 138),
(192, 1, '6', 'D139', 0, 0, '', 0, 139),
(193, 1, '6', 'D140', 0, 0, '', 0, 140),
(194, 1, '6', 'D141', 0, 0, '', 0, 141),
(195, 1, '6', 'D142', 0, 0, '', 0, 142),
(196, 1, '6', 'D143', 0, 0, '', 0, 143),
(197, 1, '6', 'D144', 0, 0, '', 0, 144),
(198, 1, '6', 'D145', 0, 0, '', 0, 145),
(199, 1, '6', 'D146', 0, 0, '', 0, 146),
(200, 1, '6', 'D147', 0, 0, '', 0, 147),
(201, 1, '6', 'D148', 0, 0, '', 0, 148),
(202, 1, '6', 'D149', 0, 0, '', 0, 149),
(203, 1, '6', 'D150', 0, 0, '', 0, 150),
(204, 1, '7', 'E150', 0, 0, '', 0, 150),
(205, 1, '7', 'E151', 0, 0, '', 0, 151),
(206, 1, '7', 'E152', 0, 0, '', 0, 152),
(207, 1, '7', 'E153', 0, 0, '', 0, 153),
(208, 1, '7', 'E154', 0, 0, '', 0, 154),
(209, 1, '7', 'E155', 0, 0, '', 0, 155),
(210, 1, '7', 'E156', 0, 0, '', 0, 156),
(211, 1, '7', 'E157', 0, 0, '', 0, 157),
(212, 1, '7', 'E158', 0, 0, '', 0, 158),
(213, 1, '7', 'E159', 0, 0, '', 0, 159),
(214, 1, '7', 'E160', 0, 0, '', 0, 160),
(215, 1, '7', 'E161', 0, 0, '', 0, 161),
(216, 1, '7', 'E162', 0, 0, '', 0, 162),
(217, 1, '7', 'E163', 0, 0, '', 0, 163),
(218, 1, '7', 'E164', 0, 0, '', 0, 164),
(219, 1, '7', 'E165', 0, 0, '', 0, 165),
(220, 1, '7', 'E166', 0, 0, '', 0, 166),
(221, 1, '7', 'E167', 0, 0, '', 0, 167),
(222, 1, '7', 'E168', 0, 0, '', 0, 168),
(223, 1, '7', 'E169', 0, 0, '', 0, 169),
(224, 1, '7', 'E170', 0, 0, '', 0, 170),
(225, 1, '7', 'E171', 0, 0, '', 0, 171),
(226, 1, '7', 'E172', 0, 0, '', 0, 172),
(227, 1, '7', 'E173', 0, 0, '', 0, 173),
(228, 1, '7', 'E174', 0, 0, '', 0, 174),
(229, 1, '7', 'E175', 0, 0, '', 0, 175),
(230, 1, '7', 'E176', 0, 0, '', 0, 176),
(231, 1, '7', 'E177', 0, 0, '', 0, 177),
(232, 1, '7', 'E178', 0, 0, '', 0, 178),
(233, 1, '7', 'E179', 0, 0, '', 0, 179),
(234, 1, '7', 'E180', 0, 0, '', 0, 180),
(235, 1, '7', 'E181', 0, 0, '', 0, 181),
(236, 1, '7', 'E182', 0, 0, '', 0, 182),
(237, 1, '7', 'E183', 0, 0, '', 0, 183),
(238, 1, '7', 'E184', 0, 0, '', 0, 184),
(239, 1, '7', 'E185', 0, 0, '', 0, 185),
(240, 1, '7', 'E186', 0, 0, '', 0, 186),
(241, 1, '7', 'E187', 0, 0, '', 0, 187),
(242, 1, '7', 'E188', 0, 0, '', 0, 188),
(243, 1, '7', 'E189', 0, 0, '', 0, 189),
(244, 1, '7', 'E190', 0, 0, '', 0, 190),
(245, 1, '7', 'E191', 0, 0, '', 0, 191),
(246, 1, '7', 'E192', 0, 0, '', 0, 192),
(247, 1, '7', 'E193', 0, 0, '', 0, 193),
(248, 1, '7', 'E194', 0, 0, '', 0, 194),
(249, 1, '7', 'E195', 0, 0, '', 0, 195),
(250, 1, '7', 'E196', 0, 0, '', 0, 196),
(251, 1, '7', 'E197', 0, 0, '', 0, 197),
(252, 1, '7', 'E198', 0, 0, '', 0, 198),
(253, 1, '7', 'E199', 0, 0, '', 0, 199),
(254, 1, '7', 'E200', 0, 0, '', 0, 200),
(255, 2, '8', 'A1', 0, 0, '', 0, 1),
(256, 2, '8', 'A2', 0, 0, '', 0, 2),
(257, 2, '8', 'A3', 0, 0, '', 0, 3),
(258, 2, '8', 'A4', 0, 0, '', 0, 4),
(259, 2, '8', 'A5', 0, 0, '', 0, 5),
(260, 2, '8', 'A6', 0, 0, '', 0, 6),
(261, 2, '8', 'A7', 0, 0, '', 0, 7),
(262, 2, '8', 'A8', 0, 0, '', 0, 8),
(263, 2, '8', 'A9', 0, 0, '', 0, 9),
(264, 2, '8', 'A10', 0, 0, '', 0, 10),
(265, 2, '8', 'A11', 0, 0, '', 0, 11),
(266, 2, '8', 'A12', 0, 0, '', 0, 12),
(267, 2, '8', 'A13', 0, 0, '', 0, 13),
(268, 2, '8', 'A14', 0, 0, '', 0, 14),
(269, 2, '8', 'A15', 0, 0, '', 0, 15),
(270, 2, '8', 'A16', 0, 0, '', 0, 16),
(271, 2, '8', 'A17', 0, 0, '', 0, 17),
(272, 2, '8', 'A18', 0, 0, '', 0, 18),
(273, 2, '8', 'A19', 0, 0, '', 0, 19),
(274, 2, '8', 'A20', 0, 0, '', 0, 20),
(275, 2, '8', 'A21', 0, 0, '', 0, 21),
(276, 2, '8', 'A22', 0, 0, '', 0, 22),
(277, 2, '8', 'A23', 0, 0, '', 0, 23),
(278, 2, '8', 'A24', 0, 0, '', 0, 24),
(279, 2, '8', 'A25', 0, 0, '', 0, 25),
(280, 2, '8', 'A26', 0, 0, '', 0, 26),
(281, 2, '8', 'A27', 0, 0, '', 0, 27),
(282, 2, '8', 'A28', 0, 0, '', 0, 28),
(283, 2, '8', 'A29', 0, 0, '', 0, 29),
(284, 2, '8', 'A30', 0, 0, '', 0, 30),
(285, 2, '8', 'A31', 0, 0, '', 0, 31),
(286, 2, '8', 'A32', 0, 0, '', 0, 32),
(287, 2, '8', 'A33', 0, 0, '', 0, 33),
(288, 2, '8', 'A34', 0, 0, '', 0, 34),
(289, 2, '8', 'A35', 0, 0, '', 0, 35),
(290, 2, '8', 'A36', 0, 0, '', 0, 36),
(291, 2, '8', 'A37', 0, 0, '', 0, 37),
(292, 2, '8', 'A38', 0, 0, '', 0, 38),
(293, 2, '8', 'A39', 0, 0, '', 0, 39),
(294, 2, '8', 'A40', 0, 0, '', 0, 40),
(295, 2, '8', 'A41', 0, 0, '', 0, 41),
(296, 2, '8', 'A42', 0, 0, '', 0, 42),
(297, 2, '8', 'A43', 0, 0, '', 0, 43),
(298, 2, '8', 'A44', 0, 0, '', 0, 44),
(299, 2, '8', 'A45', 0, 0, '', 0, 45),
(300, 2, '8', 'A46', 0, 0, '', 0, 46),
(301, 2, '8', 'A47', 0, 0, '', 0, 47),
(302, 2, '8', 'A48', 0, 0, '', 0, 48),
(303, 2, '8', 'A49', 0, 0, '', 0, 49),
(304, 2, '8', 'A50', 0, 0, '', 0, 50),
(305, 2, '8', 'A51', 0, 0, '', 0, 51),
(306, 2, '8', 'A52', 0, 0, '', 0, 52),
(307, 2, '8', 'A53', 0, 0, '', 0, 53),
(308, 2, '8', 'A54', 0, 0, '', 0, 54),
(309, 2, '8', 'A55', 0, 0, '', 0, 55),
(310, 2, '8', 'A56', 0, 0, '', 0, 56),
(311, 2, '8', 'A57', 0, 0, '', 0, 57),
(312, 2, '8', 'A58', 0, 0, '', 0, 58),
(313, 2, '8', 'A59', 0, 0, '', 0, 59),
(314, 2, '8', 'A60', 0, 0, '', 0, 60),
(315, 2, '8', 'A61', 0, 0, '', 0, 61),
(316, 2, '8', 'A62', 0, 0, '', 0, 62),
(317, 2, '8', 'A63', 0, 0, '', 0, 63),
(318, 2, '8', 'A64', 0, 0, '', 0, 64),
(319, 2, '8', 'A65', 0, 0, '', 0, 65),
(320, 2, '8', 'A66', 0, 0, '', 0, 66),
(321, 2, '8', 'A67', 0, 0, '', 0, 67),
(322, 2, '8', 'A68', 0, 0, '', 0, 68),
(323, 2, '8', 'A69', 0, 0, '', 0, 69),
(324, 2, '8', 'A70', 0, 0, '', 0, 70),
(325, 2, '8', 'A71', 0, 0, '', 0, 71),
(326, 2, '8', 'A72', 0, 0, '', 0, 72),
(327, 2, '8', 'A73', 0, 0, '', 0, 73),
(328, 2, '8', 'A74', 0, 0, '', 0, 74),
(329, 2, '8', 'A75', 0, 0, '', 0, 75),
(330, 2, '8', 'A76', 0, 0, '', 0, 76),
(331, 2, '8', 'A77', 0, 0, '', 0, 77),
(332, 2, '8', 'A78', 0, 0, '', 0, 78),
(333, 2, '8', 'A79', 0, 0, '', 0, 79),
(334, 2, '8', 'A80', 0, 0, '', 0, 80),
(335, 2, '8', 'A81', 0, 0, '', 0, 81),
(336, 2, '8', 'A82', 0, 0, '', 0, 82),
(337, 2, '8', 'A83', 0, 0, '', 0, 83),
(338, 2, '8', 'A84', 0, 0, '', 0, 84),
(339, 2, '8', 'A85', 0, 0, '', 0, 85),
(340, 2, '8', 'A86', 0, 0, '', 0, 86),
(341, 2, '8', 'A87', 0, 0, '', 0, 87),
(342, 2, '8', 'A88', 0, 0, '', 0, 88),
(343, 2, '8', 'A89', 0, 0, '', 0, 89),
(344, 2, '8', 'A90', 0, 0, '', 0, 90),
(345, 2, '8', 'A91', 0, 0, '', 0, 91),
(346, 2, '8', 'A92', 0, 0, '', 0, 92),
(347, 2, '8', 'A93', 0, 0, '', 0, 93),
(348, 2, '8', 'A94', 0, 0, '', 0, 94),
(349, 2, '8', 'A95', 0, 0, '', 0, 95),
(350, 2, '8', 'A96', 0, 0, '', 0, 96),
(351, 2, '8', 'A97', 0, 0, '', 0, 97),
(352, 2, '8', 'A98', 0, 0, '', 0, 98),
(353, 2, '8', 'A99', 0, 0, '', 0, 99),
(354, 2, '8', 'A100', 0, 0, '', 0, 100),
(355, 2, '8', 'A101', 0, 0, '', 0, 101),
(356, 2, '8', 'A102', 0, 0, '', 0, 102),
(357, 2, '8', 'A103', 0, 0, '', 0, 103),
(358, 2, '8', 'A104', 0, 0, '', 0, 104),
(359, 2, '8', 'A105', 0, 0, '', 0, 105),
(360, 2, '8', 'A106', 0, 0, '', 0, 106),
(361, 2, '8', 'A107', 0, 0, '', 0, 107),
(362, 2, '8', 'A108', 0, 0, '', 0, 108),
(363, 2, '8', 'A109', 0, 0, '', 0, 109),
(364, 2, '8', 'A110', 0, 0, '', 0, 110),
(365, 2, '8', 'A111', 0, 0, '', 0, 111),
(366, 2, '8', 'A112', 0, 0, '', 0, 112),
(367, 2, '8', 'A113', 0, 0, '', 0, 113),
(368, 2, '8', 'A114', 0, 0, '', 0, 114),
(369, 2, '8', 'A115', 0, 0, '', 0, 115),
(370, 2, '8', 'A116', 0, 0, '', 0, 116),
(371, 2, '8', 'A117', 0, 0, '', 0, 117),
(372, 2, '8', 'A118', 0, 0, '', 0, 118),
(373, 2, '8', 'A119', 0, 0, '', 0, 119),
(374, 2, '8', 'A120', 0, 0, '', 0, 120),
(375, 2, '8', 'A121', 0, 0, '', 0, 121),
(376, 2, '8', 'A122', 0, 0, '', 0, 122),
(377, 2, '8', 'A123', 0, 0, '', 0, 123),
(378, 2, '8', 'A124', 0, 0, '', 0, 124),
(379, 2, '8', 'A125', 0, 0, '', 0, 125),
(380, 2, '8', 'A126', 0, 0, '', 0, 126),
(381, 2, '8', 'A127', 0, 0, '', 0, 127),
(382, 2, '8', 'A128', 0, 0, '', 0, 128),
(383, 2, '8', 'A129', 0, 0, '', 0, 129),
(384, 2, '8', 'A130', 0, 0, '', 0, 130),
(385, 2, '8', 'A131', 0, 0, '', 0, 131),
(386, 2, '8', 'A132', 0, 0, '', 0, 132),
(387, 2, '8', 'A133', 0, 0, '', 0, 133),
(388, 2, '8', 'A134', 0, 0, '', 0, 134),
(389, 2, '8', 'A135', 0, 0, '', 0, 135),
(390, 2, '8', 'A136', 0, 0, '', 0, 136),
(391, 2, '8', 'A137', 0, 0, '', 0, 137),
(392, 2, '8', 'A138', 0, 0, '', 0, 138),
(393, 2, '8', 'A139', 0, 0, '', 0, 139),
(394, 2, '8', 'A140', 0, 0, '', 0, 140),
(395, 2, '8', 'A141', 0, 0, '', 0, 141),
(396, 2, '8', 'A142', 0, 0, '', 0, 142),
(397, 2, '8', 'A143', 0, 0, '', 0, 143),
(398, 2, '8', 'A144', 0, 0, '', 0, 144),
(399, 2, '8', 'A145', 0, 0, '', 0, 145),
(400, 2, '8', 'A146', 0, 0, '', 0, 146),
(401, 2, '8', 'A147', 0, 0, '', 0, 147),
(402, 2, '8', 'A148', 0, 0, '', 0, 148),
(403, 2, '8', 'A149', 0, 0, '', 0, 149),
(404, 2, '8', 'A150', 0, 0, '', 0, 150),
(405, 2, '8', 'A151', 0, 0, '', 0, 151),
(406, 2, '8', 'A152', 0, 0, '', 0, 152),
(407, 2, '8', 'A153', 0, 0, '', 0, 153),
(408, 2, '8', 'A154', 0, 0, '', 0, 154),
(409, 2, '8', 'A155', 0, 0, '', 0, 155),
(410, 2, '8', 'A156', 0, 0, '', 0, 156),
(411, 2, '8', 'A157', 0, 0, '', 0, 157),
(412, 2, '8', 'A158', 0, 0, '', 0, 158),
(413, 2, '8', 'A159', 0, 0, '', 0, 159),
(414, 2, '8', 'A160', 0, 0, '', 0, 160),
(415, 2, '8', 'A161', 0, 0, '', 0, 161),
(416, 2, '8', 'A162', 0, 0, '', 0, 162),
(417, 2, '8', 'A163', 0, 0, '', 0, 163),
(418, 2, '8', 'A164', 0, 0, '', 0, 164),
(419, 2, '8', 'A165', 0, 0, '', 0, 165),
(420, 2, '8', 'A166', 0, 0, '', 0, 166),
(421, 2, '8', 'A167', 0, 0, '', 0, 167),
(422, 2, '8', 'A168', 0, 0, '', 0, 168),
(423, 2, '8', 'A169', 0, 0, '', 0, 169),
(424, 2, '8', 'A170', 0, 0, '', 0, 170),
(425, 2, '8', 'A171', 0, 0, '', 0, 171),
(426, 2, '8', 'A172', 0, 0, '', 0, 172),
(427, 2, '8', 'A173', 0, 0, '', 0, 173),
(428, 2, '8', 'A174', 0, 0, '', 0, 174),
(429, 2, '8', 'A175', 0, 0, '', 0, 175),
(430, 2, '8', 'A176', 0, 0, '', 0, 176),
(431, 2, '8', 'A177', 0, 0, '', 0, 177),
(432, 2, '8', 'A178', 0, 0, '', 0, 178),
(433, 2, '8', 'A179', 0, 0, '', 0, 179),
(434, 2, '8', 'A180', 0, 0, '', 0, 180),
(435, 2, '8', 'A181', 0, 0, '', 0, 181),
(436, 2, '8', 'A182', 0, 0, '', 0, 182),
(437, 2, '8', 'A183', 0, 0, '', 0, 183),
(438, 2, '8', 'A184', 0, 0, '', 0, 184),
(439, 2, '8', 'A185', 0, 0, '', 0, 185),
(440, 2, '8', 'A186', 0, 0, '', 0, 186),
(441, 2, '8', 'A187', 0, 0, '', 0, 187),
(442, 2, '8', 'A188', 0, 0, '', 0, 188),
(443, 2, '8', 'A189', 0, 0, '', 0, 189),
(655, 2, '9', 'B1', 0, 0, '', 0, 1),
(656, 2, '9', 'B2', 0, 0, '', 0, 2),
(657, 2, '9', 'B3', 0, 0, '', 0, 3),
(658, 2, '9', 'B4', 0, 0, '', 0, 4),
(659, 2, '9', 'B5', 0, 0, '', 0, 5),
(660, 2, '9', 'B6', 0, 0, '', 0, 6),
(661, 2, '9', 'B7', 0, 0, '', 0, 7),
(662, 2, '9', 'B8', 0, 0, '', 0, 8),
(663, 2, '9', 'B9', 0, 0, '', 0, 9),
(664, 2, '9', 'B10', 0, 0, '', 0, 10),
(665, 2, '9', 'B11', 0, 0, '', 0, 11),
(666, 2, '9', 'B12', 0, 0, '', 0, 12),
(667, 2, '9', 'B13', 0, 0, '', 0, 13),
(668, 2, '9', 'B14', 0, 0, '', 0, 14),
(669, 2, '9', 'B15', 0, 0, '', 0, 15),
(670, 2, '9', 'B16', 0, 0, '', 0, 16),
(671, 2, '9', 'B17', 0, 0, '', 0, 17),
(672, 2, '9', 'B18', 0, 0, '', 0, 18),
(673, 2, '9', 'B19', 0, 0, '', 0, 19),
(674, 2, '9', 'B20', 0, 0, '', 0, 20),
(675, 2, '9', 'B21', 0, 0, '', 0, 21),
(676, 2, '9', 'B22', 0, 0, '', 0, 22),
(677, 2, '9', 'B23', 0, 0, '', 0, 23),
(678, 2, '9', 'B24', 0, 0, '', 0, 24),
(679, 2, '9', 'B25', 0, 0, '', 0, 25),
(680, 2, '9', 'B26', 0, 0, '', 0, 26),
(681, 2, '9', 'B27', 0, 0, '', 0, 27),
(682, 2, '9', 'B28', 0, 0, '', 0, 28),
(683, 2, '9', 'B29', 0, 0, '', 0, 29),
(684, 2, '9', 'B30', 0, 0, '', 0, 30),
(685, 2, '9', 'B31', 0, 0, '', 0, 31),
(686, 2, '9', 'B32', 0, 0, '', 0, 32),
(687, 2, '9', 'B33', 0, 0, '', 0, 33),
(688, 2, '9', 'B34', 0, 0, '', 0, 34),
(689, 2, '9', 'B35', 0, 0, '', 0, 35),
(690, 2, '9', 'B36', 0, 0, '', 0, 36),
(691, 2, '9', 'B37', 0, 0, '', 0, 37),
(692, 2, '9', 'B38', 0, 0, '', 0, 38),
(693, 2, '9', 'B39', 0, 0, '', 0, 39),
(694, 2, '9', 'B40', 0, 0, '', 0, 40),
(695, 2, '9', 'B41', 0, 0, '', 0, 41),
(696, 2, '9', 'B42', 0, 0, '', 0, 42),
(697, 2, '9', 'B43', 0, 0, '', 0, 43),
(698, 2, '9', 'B44', 0, 0, '', 0, 44),
(699, 2, '9', 'B45', 0, 0, '', 0, 45),
(700, 2, '9', 'B46', 0, 0, '', 0, 46),
(701, 2, '9', 'B47', 0, 0, '', 0, 47),
(702, 2, '9', 'B48', 0, 0, '', 0, 48),
(703, 2, '9', 'B49', 0, 0, '', 0, 49),
(704, 2, '9', 'B50', 0, 0, '', 0, 50),
(705, 2, '9', 'B51', 0, 0, '', 0, 51),
(706, 2, '9', 'B52', 0, 0, '', 0, 52),
(707, 2, '9', 'B53', 0, 0, '', 0, 53),
(708, 2, '9', 'B54', 0, 0, '', 0, 54),
(709, 2, '9', 'B55', 0, 0, '', 0, 55),
(710, 2, '9', 'B56', 0, 0, '', 0, 56),
(711, 2, '9', 'B57', 0, 0, '', 0, 57),
(712, 2, '9', 'B58', 0, 0, '', 0, 58),
(713, 2, '9', 'B59', 0, 0, '', 0, 59),
(714, 2, '9', 'B60', 0, 0, '', 0, 60),
(715, 2, '9', 'B61', 0, 0, '', 0, 61),
(716, 2, '9', 'B62', 0, 0, '', 0, 62),
(717, 2, '9', 'B63', 0, 0, '', 0, 63),
(718, 2, '9', 'B64', 0, 0, '', 0, 64),
(719, 2, '9', 'B65', 0, 0, '', 0, 65),
(720, 2, '9', 'B66', 0, 0, '', 0, 66),
(721, 2, '9', 'B67', 0, 0, '', 0, 67),
(722, 2, '9', 'B68', 0, 0, '', 0, 68),
(723, 2, '9', 'B69', 0, 0, '', 0, 69),
(724, 2, '9', 'B70', 0, 0, '', 0, 70),
(725, 2, '9', 'B71', 0, 0, '', 0, 71),
(726, 2, '9', 'B72', 0, 0, '', 0, 72),
(727, 2, '9', 'B73', 0, 0, '', 0, 73),
(728, 2, '9', 'B74', 0, 0, '', 0, 74),
(729, 2, '9', 'B75', 0, 0, '', 0, 75),
(730, 2, '9', 'B76', 0, 0, '', 0, 76),
(731, 2, '9', 'B77', 0, 0, '', 0, 77),
(732, 2, '9', 'B78', 0, 0, '', 0, 78),
(733, 2, '9', 'B79', 0, 0, '', 0, 79),
(734, 2, '9', 'B80', 0, 0, '', 0, 80),
(735, 2, '9', 'B81', 0, 0, '', 0, 81),
(736, 2, '9', 'B82', 0, 0, '', 0, 82),
(737, 2, '9', 'B83', 0, 0, '', 0, 83),
(738, 2, '9', 'B84', 0, 0, '', 0, 84),
(739, 2, '9', 'B85', 0, 0, '', 0, 85),
(740, 2, '9', 'B86', 0, 0, '', 0, 86),
(741, 2, '9', 'B87', 0, 0, '', 0, 87),
(742, 2, '9', 'B88', 0, 0, '', 0, 88),
(743, 2, '9', 'B89', 0, 0, '', 0, 89),
(744, 2, '9', 'B90', 0, 0, '', 0, 90),
(745, 2, '9', 'B91', 0, 0, '', 0, 91),
(746, 2, '9', 'B92', 0, 0, '', 0, 92),
(747, 2, '9', 'B93', 0, 0, '', 0, 93),
(748, 2, '9', 'B94', 0, 0, '', 0, 94),
(749, 2, '9', 'B95', 0, 0, '', 0, 95),
(750, 2, '9', 'B96', 0, 0, '', 0, 96),
(751, 2, '9', 'B97', 0, 0, '', 0, 97),
(752, 2, '9', 'B98', 0, 0, '', 0, 98),
(753, 2, '9', 'B99', 0, 0, '', 0, 99),
(754, 2, '9', 'B100', 0, 0, '', 0, 100),
(755, 2, '9', 'B101', 0, 0, '', 0, 101),
(756, 2, '9', 'B102', 0, 0, '', 0, 102),
(757, 2, '9', 'B103', 0, 0, '', 0, 103),
(758, 2, '9', 'B104', 0, 0, '', 0, 104),
(759, 2, '9', 'B105', 0, 0, '', 0, 105),
(760, 2, '9', 'B106', 0, 0, '', 0, 106),
(761, 2, '9', 'B107', 0, 0, '', 0, 107),
(762, 2, '9', 'B108', 0, 0, '', 0, 108),
(763, 2, '9', 'B109', 0, 0, '', 0, 109),
(764, 2, '9', 'B110', 0, 0, '', 0, 110),
(765, 2, '9', 'B111', 0, 0, '', 0, 111),
(766, 2, '9', 'B112', 0, 0, '', 0, 112),
(767, 2, '9', 'B113', 0, 0, '', 0, 113),
(768, 2, '9', 'B114', 0, 0, '', 0, 114),
(769, 2, '9', 'B115', 0, 0, '', 0, 115),
(770, 2, '9', 'B116', 0, 0, '', 0, 116),
(771, 2, '9', 'B117', 0, 0, '', 0, 117),
(772, 2, '9', 'B118', 0, 0, '', 0, 118),
(773, 2, '9', 'B119', 0, 0, '', 0, 119),
(774, 2, '9', 'B120', 0, 0, '', 0, 120),
(775, 2, '9', 'B121', 0, 0, '', 0, 121),
(776, 2, '9', 'B122', 0, 0, '', 0, 122),
(777, 2, '9', 'B123', 0, 0, '', 0, 123),
(778, 2, '9', 'B124', 0, 0, '', 0, 124),
(779, 2, '9', 'B125', 0, 0, '', 0, 125),
(780, 2, '9', 'B126', 0, 0, '', 0, 126),
(781, 2, '9', 'B127', 0, 0, '', 0, 127),
(782, 2, '9', 'B128', 0, 0, '', 0, 128),
(783, 2, '9', 'B129', 0, 0, '', 0, 129),
(784, 2, '9', 'B130', 0, 0, '', 0, 130),
(785, 2, '9', 'B131', 0, 0, '', 0, 131),
(786, 2, '9', 'B132', 0, 0, '', 0, 132),
(787, 2, '9', 'B133', 0, 0, '', 0, 133),
(788, 2, '9', 'B134', 0, 0, '', 0, 134),
(789, 2, '9', 'B135', 0, 0, '', 0, 135),
(790, 2, '9', 'B136', 0, 0, '', 0, 136),
(791, 2, '9', 'B137', 0, 0, '', 0, 137),
(792, 2, '9', 'B138', 0, 0, '', 0, 138),
(793, 2, '9', 'B139', 0, 0, '', 0, 139),
(794, 2, '9', 'B140', 0, 0, '', 0, 140),
(795, 2, '9', 'B141', 0, 0, '', 0, 141),
(796, 2, '9', 'B142', 0, 0, '', 0, 142),
(797, 2, '9', 'B143', 0, 0, '', 0, 143),
(798, 2, '9', 'B144', 0, 0, '', 0, 144),
(799, 2, '9', 'B145', 0, 0, '', 0, 145),
(800, 2, '9', 'B146', 0, 0, '', 0, 146),
(801, 2, '9', 'B147', 0, 0, '', 0, 147),
(802, 2, '9', 'B148', 0, 0, '', 0, 148),
(803, 2, '9', 'B149', 0, 0, '', 0, 149),
(804, 2, '9', 'B150', 0, 0, '', 0, 150),
(805, 2, '9', 'B151', 0, 0, '', 0, 151),
(806, 2, '9', 'B152', 0, 0, '', 0, 152),
(807, 2, '9', 'B153', 0, 0, '', 0, 153),
(808, 2, '9', 'B154', 0, 0, '', 0, 154),
(809, 2, '9', 'B155', 0, 0, '', 0, 155),
(810, 2, '9', 'B156', 0, 0, '', 0, 156),
(811, 2, '9', 'B157', 0, 0, '', 0, 157),
(812, 2, '9', 'B158', 0, 0, '', 0, 158),
(813, 2, '9', 'B159', 0, 0, '', 0, 159),
(814, 2, '9', 'B160', 0, 0, '', 0, 160),
(815, 2, '9', 'B161', 0, 0, '', 0, 161),
(816, 2, '9', 'B162', 0, 0, '', 0, 162),
(817, 2, '9', 'B163', 0, 0, '', 0, 163),
(818, 2, '9', 'B164', 0, 0, '', 0, 164),
(819, 2, '9', 'B165', 0, 0, '', 0, 165),
(820, 2, '9', 'B166', 0, 0, '', 0, 166),
(821, 2, '9', 'B167', 0, 0, '', 0, 167),
(822, 2, '9', 'B168', 0, 0, '', 0, 168),
(823, 2, '9', 'B169', 0, 0, '', 0, 169),
(824, 2, '9', 'B170', 0, 0, '', 0, 170),
(825, 2, '9', 'B171', 0, 0, '', 0, 171),
(826, 2, '9', 'B172', 0, 0, '', 0, 172),
(827, 2, '9', 'B173', 0, 0, '', 0, 173),
(828, 2, '9', 'B174', 0, 0, '', 0, 174),
(829, 2, '9', 'B175', 0, 0, '', 0, 175),
(830, 2, '9', 'B176', 0, 0, '', 0, 176),
(831, 2, '9', 'B177', 0, 0, '', 0, 177),
(832, 2, '9', 'B178', 0, 0, '', 0, 178),
(833, 2, '9', 'B179', 0, 0, '', 0, 179),
(834, 2, '9', 'B180', 0, 0, '', 0, 180),
(835, 2, '9', 'B181', 0, 0, '', 0, 181),
(836, 2, '9', 'B182', 0, 0, '', 0, 182),
(837, 2, '9', 'B183', 0, 0, '', 0, 183),
(838, 2, '9', 'B184', 0, 0, '', 0, 184),
(839, 2, '9', 'B185', 0, 0, '', 0, 185),
(840, 2, '9', 'B186', 0, 0, '', 0, 186),
(841, 2, '9', 'B187', 0, 0, '', 0, 187),
(842, 2, '9', 'B188', 0, 0, '', 0, 188),
(843, 2, '9', 'B189', 0, 0, '', 0, 189),
(844, 2, '9', 'B190', 0, 0, '', 0, 190),
(845, 2, '9', 'B191', 0, 0, '', 0, 191),
(846, 2, '9', 'B192', 0, 0, '', 0, 192),
(847, 2, '9', 'B193', 0, 0, '', 0, 193),
(848, 2, '9', 'B194', 0, 0, '', 0, 194),
(849, 2, '9', 'B195', 0, 0, '', 0, 195),
(850, 2, '9', 'B196', 0, 0, '', 0, 196),
(851, 2, '9', 'B197', 0, 0, '', 0, 197),
(852, 2, '9', 'B198', 0, 0, '', 0, 198),
(853, 2, '9', 'B199', 0, 0, '', 0, 199),
(854, 2, '9', 'B200', 0, 0, '', 0, 200),
(855, 2, '9', 'B201', 0, 0, '', 0, 201),
(856, 2, '9', 'B202', 0, 0, '', 0, 202),
(857, 2, '9', 'B203', 0, 0, '', 0, 203),
(858, 2, '9', 'B204', 0, 0, '', 0, 204),
(859, 2, '9', 'B205', 0, 0, '', 0, 205),
(860, 2, '9', 'B206', 0, 0, '', 0, 206),
(861, 2, '9', 'B207', 0, 0, '', 0, 207),
(862, 2, '9', 'B208', 0, 0, '', 0, 208),
(863, 2, '9', 'B209', 0, 0, '', 0, 209),
(864, 2, '9', 'B210', 0, 0, '', 0, 210),
(865, 2, '9', 'B211', 0, 0, '', 0, 211),
(866, 2, '9', 'B212', 0, 0, '', 0, 212),
(867, 2, '9', 'B213', 0, 0, '', 0, 213),
(868, 2, '9', 'B214', 0, 0, '', 0, 214),
(869, 2, '9', 'B215', 0, 0, '', 0, 215),
(870, 2, '9', 'B216', 0, 0, '', 0, 216),
(871, 2, '9', 'B217', 0, 0, '', 0, 217),
(872, 2, '9', 'B218', 0, 0, '', 0, 218),
(873, 2, '9', 'B219', 0, 0, '', 0, 219),
(874, 2, '9', 'B220', 0, 0, '', 0, 220),
(875, 2, '9', 'B221', 0, 0, '', 0, 221),
(876, 2, '9', 'B222', 0, 0, '', 0, 222),
(877, 2, '9', 'B223', 0, 0, '', 0, 223),
(878, 2, '9', 'B224', 0, 0, '', 0, 224),
(879, 2, '9', 'B225', 0, 0, '', 0, 225),
(880, 2, '9', 'B226', 0, 0, '', 0, 226),
(881, 2, '9', 'B227', 0, 0, '', 0, 227),
(882, 2, '9', 'B228', 0, 0, '', 0, 228),
(883, 2, '9', 'B229', 0, 0, '', 0, 229),
(884, 2, '9', 'B230', 0, 0, '', 0, 230),
(885, 2, '9', 'B231', 0, 0, '', 0, 231),
(886, 2, '9', 'B232', 0, 0, '', 0, 232),
(887, 2, '9', 'B233', 0, 0, '', 0, 233),
(888, 2, '9', 'B234', 0, 0, '', 0, 234),
(889, 2, '9', 'B235', 0, 0, '', 0, 235),
(890, 2, '9', 'B236', 0, 0, '', 0, 236),
(891, 2, '9', 'B237', 0, 0, '', 0, 237),
(892, 2, '9', 'B238', 0, 0, '', 0, 238),
(893, 2, '9', 'B239', 0, 0, '', 0, 239),
(894, 2, '9', 'B240', 0, 0, '', 0, 240),
(895, 2, '9', 'B241', 0, 0, '', 0, 241),
(896, 2, '9', 'B242', 0, 0, '', 0, 242),
(897, 2, '9', 'B243', 0, 0, '', 0, 243),
(898, 2, '9', 'B244', 0, 0, '', 0, 244),
(899, 2, '9', 'B245', 0, 0, '', 0, 245),
(900, 2, '9', 'B246', 0, 0, '', 0, 246),
(901, 2, '9', 'B247', 0, 0, '', 0, 247),
(902, 2, '9', 'B248', 0, 0, '', 0, 248),
(903, 2, '9', 'B249', 0, 0, '', 0, 249),
(904, 2, '9', 'B250', 0, 0, '', 0, 250),
(905, 2, '9', 'B251', 0, 0, '', 0, 251),
(906, 2, '9', 'B252', 0, 0, '', 0, 252),
(907, 2, '9', 'B253', 0, 0, '', 0, 253),
(908, 2, '9', 'B254', 0, 0, '', 0, 254),
(909, 2, '9', 'B255', 0, 0, '', 0, 255),
(910, 2, '9', 'B256', 0, 0, '', 0, 256),
(911, 2, '9', 'B257', 0, 0, '', 0, 257),
(912, 2, '9', 'B258', 0, 0, '', 0, 258),
(913, 2, '9', 'B259', 0, 0, '', 0, 259),
(914, 2, '9', 'B260', 0, 0, '', 0, 260),
(915, 2, '9', 'B261', 0, 0, '', 0, 261),
(916, 2, '9', 'B262', 0, 0, '', 0, 262),
(917, 2, '9', 'B263', 0, 0, '', 0, 263),
(918, 2, '9', 'B264', 0, 0, '', 0, 264),
(919, 2, '9', 'B265', 0, 0, '', 0, 265),
(920, 2, '9', 'B266', 0, 0, '', 0, 266),
(921, 2, '9', 'B267', 0, 0, '', 0, 267),
(922, 2, '9', 'B268', 0, 0, '', 0, 268),
(923, 2, '9', 'B269', 0, 0, '', 0, 269),
(924, 2, '9', 'B270', 0, 0, '', 0, 270),
(925, 2, '9', 'B271', 0, 0, '', 0, 271),
(926, 2, '9', 'B272', 0, 0, '', 0, 272),
(927, 2, '9', 'B273', 0, 0, '', 0, 273),
(928, 2, '9', 'B274', 0, 0, '', 0, 274),
(929, 2, '9', 'B275', 0, 0, '', 0, 275),
(930, 2, '9', 'B276', 0, 0, '', 0, 276),
(931, 2, '9', 'B277', 0, 0, '', 0, 277),
(932, 2, '9', 'B278', 0, 0, '', 0, 278),
(933, 2, '9', 'B279', 0, 0, '', 0, 279),
(934, 2, '9', 'B280', 0, 0, '', 0, 280),
(935, 2, '9', 'B281', 0, 0, '', 0, 281),
(936, 2, '9', 'B282', 0, 0, '', 0, 282),
(937, 2, '9', 'B283', 0, 0, '', 0, 283),
(938, 2, '9', 'B284', 0, 0, '', 0, 284),
(939, 2, '9', 'B285', 0, 0, '', 0, 285),
(940, 2, '9', 'B286', 0, 0, '', 0, 286),
(941, 2, '9', 'B287', 0, 0, '', 0, 287),
(942, 2, '9', 'B288', 0, 0, '', 0, 288),
(943, 2, '9', 'B289', 0, 0, '', 0, 289),
(944, 2, '9', 'B290', 0, 0, '', 0, 290),
(945, 2, '9', 'B291', 0, 0, '', 0, 291),
(946, 2, '9', 'B292', 0, 0, '', 0, 292),
(947, 2, '9', 'B293', 0, 0, '', 0, 293),
(948, 2, '9', 'B294', 0, 0, '', 0, 294),
(949, 2, '9', 'B295', 0, 0, '', 0, 295),
(950, 2, '9', 'B296', 0, 0, '', 0, 296),
(951, 2, '9', 'B297', 0, 0, '', 0, 297),
(952, 2, '9', 'B298', 0, 0, '', 0, 298),
(953, 2, '9', 'B299', 0, 0, '', 0, 299),
(954, 2, '9', 'B300', 0, 0, '', 0, 300),
(955, 2, '9', 'B301', 0, 0, '', 0, 301),
(956, 2, '9', 'B302', 0, 0, '', 0, 302),
(957, 2, '9', 'B303', 0, 0, '', 0, 303),
(958, 2, '9', 'B304', 0, 0, '', 0, 304),
(959, 2, '9', 'B305', 0, 0, '', 0, 305),
(960, 2, '9', 'B306', 0, 0, '', 0, 306),
(961, 2, '9', 'B307', 0, 0, '', 0, 307),
(962, 2, '9', 'B308', 0, 0, '', 0, 308),
(963, 2, '9', 'B309', 0, 0, '', 0, 309),
(964, 2, '9', 'B310', 0, 0, '', 0, 310),
(965, 2, '9', 'B311', 0, 0, '', 0, 311),
(966, 2, '9', 'B312', 0, 0, '', 0, 312),
(967, 2, '9', 'B313', 0, 0, '', 0, 313),
(968, 2, '9', 'B314', 0, 0, '', 0, 314),
(969, 2, '9', 'B315', 0, 0, '', 0, 315),
(970, 2, '9', 'B316', 0, 0, '', 0, 316),
(971, 2, '9', 'B317', 0, 0, '', 0, 317),
(972, 2, '9', 'B318', 0, 0, '', 0, 318),
(973, 2, '9', 'B319', 0, 0, '', 0, 319),
(974, 2, '9', 'B320', 0, 0, '', 0, 320),
(975, 2, '9', 'B321', 0, 0, '', 0, 321),
(976, 2, '9', 'B322', 0, 0, '', 0, 322),
(977, 2, '9', 'B323', 0, 0, '', 0, 323),
(978, 2, '9', 'B324', 0, 0, '', 0, 324),
(979, 2, '9', 'B325', 0, 0, '', 0, 325),
(980, 2, '9', 'B326', 0, 0, '', 0, 326),
(981, 2, '9', 'B327', 0, 0, '', 0, 327),
(982, 2, '9', 'B328', 0, 0, '', 0, 328),
(983, 2, '9', 'B329', 0, 0, '', 0, 329),
(984, 2, '9', 'B330', 0, 0, '', 0, 330),
(985, 2, '9', 'B331', 0, 0, '', 0, 331),
(986, 2, '9', 'B332', 0, 0, '', 0, 332),
(987, 2, '9', 'B333', 0, 0, '', 0, 333),
(988, 2, '9', 'B334', 0, 0, '', 0, 334),
(989, 2, '9', 'B335', 0, 0, '', 0, 335),
(990, 2, '9', 'B336', 0, 0, '', 0, 336),
(991, 2, '9', 'B337', 0, 0, '', 0, 337),
(992, 2, '9', 'B338', 0, 0, '', 0, 338),
(993, 2, '9', 'B339', 0, 0, '', 0, 339),
(994, 2, '9', 'B340', 0, 0, '', 0, 340),
(995, 2, '9', 'B341', 0, 0, '', 0, 341),
(996, 2, '9', 'B342', 0, 0, '', 0, 342),
(997, 2, '9', 'B343', 0, 0, '', 0, 343),
(998, 2, '9', 'B344', 0, 0, '', 0, 344),
(999, 2, '9', 'B345', 0, 0, '', 0, 345),
(1000, 2, '9', 'B346', 0, 0, '', 0, 346),
(1001, 2, '9', 'B347', 0, 0, '', 0, 347),
(1002, 2, '9', 'B348', 0, 0, '', 0, 348),
(1003, 2, '9', 'B349', 0, 0, '', 0, 349),
(1004, 2, '9', 'B350', 0, 0, '', 0, 350),
(1005, 2, '9', 'B351', 0, 0, '', 0, 351),
(1006, 2, '9', 'B352', 0, 0, '', 0, 352),
(1007, 2, '9', 'B353', 0, 0, '', 0, 353),
(1008, 2, '9', 'B354', 0, 0, '', 0, 354),
(1009, 2, '9', 'B355', 0, 0, '', 0, 355),
(1010, 2, '9', 'B356', 0, 0, '', 0, 356),
(1011, 2, '9', 'B357', 0, 0, '', 0, 357),
(1012, 2, '9', 'B358', 0, 0, '', 0, 358),
(1013, 2, '9', 'B359', 0, 0, '', 0, 359),
(1014, 2, '9', 'B360', 0, 0, '', 0, 360),
(1015, 2, '9', 'B361', 0, 0, '', 0, 361),
(1016, 2, '9', 'B362', 0, 0, '', 0, 362),
(1017, 2, '9', 'B363', 0, 0, '', 0, 363),
(1018, 2, '9', 'B364', 0, 0, '', 0, 364),
(1019, 2, '9', 'B365', 0, 0, '', 0, 365),
(1020, 2, '9', 'B366', 0, 0, '', 0, 366),
(1021, 2, '9', 'B367', 0, 0, '', 0, 367),
(1022, 2, '9', 'B368', 0, 0, '', 0, 368),
(1023, 2, '9', 'B369', 0, 0, '', 0, 369),
(1024, 2, '9', 'B370', 0, 0, '', 0, 370),
(1025, 2, '9', 'B371', 0, 0, '', 0, 371),
(1026, 2, '9', 'B372', 0, 0, '', 0, 372),
(1027, 2, '9', 'B373', 0, 0, '', 0, 373),
(1028, 2, '9', 'B374', 0, 0, '', 0, 374),
(1029, 2, '9', 'B375', 0, 0, '', 0, 375),
(1030, 2, '9', 'B376', 0, 0, '', 0, 376),
(1031, 2, '9', 'B377', 0, 0, '', 0, 377),
(1032, 2, '9', 'B378', 0, 0, '', 0, 378),
(1033, 2, '9', 'B379', 0, 0, '', 0, 379),
(1034, 2, '9', 'B380', 0, 0, '', 0, 380),
(1035, 2, '9', 'B381', 0, 0, '', 0, 381),
(1036, 2, '9', 'B382', 0, 0, '', 0, 382),
(1037, 2, '9', 'B383', 0, 0, '', 0, 383),
(1038, 2, '9', 'B384', 0, 0, '', 0, 384),
(1039, 2, '9', 'B385', 0, 0, '', 0, 385),
(1040, 2, '9', 'B386', 0, 0, '', 0, 386),
(1041, 2, '9', 'B387', 0, 0, '', 0, 387),
(1042, 2, '9', 'B388', 0, 0, '', 0, 388),
(1043, 2, '9', 'B389', 0, 0, '', 0, 389),
(1044, 2, '9', 'B390', 0, 0, '', 0, 390),
(1045, 2, '9', 'B391', 0, 0, '', 0, 391),
(1046, 2, '9', 'B392', 0, 0, '', 0, 392),
(1047, 2, '9', 'B393', 0, 0, '', 0, 393),
(1048, 2, '9', 'B394', 0, 0, '', 0, 394),
(1049, 2, '9', 'B395', 0, 0, '', 0, 395),
(1050, 2, '9', 'B396', 0, 0, '', 0, 396),
(1051, 2, '9', 'B397', 0, 0, '', 0, 397),
(1052, 2, '9', 'B398', 0, 0, '', 0, 398),
(1053, 2, '9', 'B399', 0, 0, '', 0, 399),
(1054, 2, '9', 'B400', 0, 0, '', 0, 400),
(1055, 2, '10', 'D1', 0, 0, '', 0, 1),
(1056, 2, '10', 'D2', 0, 0, '', 0, 2),
(1057, 2, '10', 'D3', 0, 0, '', 0, 3),
(1058, 2, '10', 'D4', 0, 0, '', 0, 4),
(1059, 2, '10', 'D5', 0, 0, '', 0, 5),
(1060, 2, '10', 'D6', 0, 0, '', 0, 6),
(1061, 2, '10', 'D7', 0, 0, '', 0, 7),
(1062, 2, '10', 'D8', 0, 0, '', 0, 8),
(1063, 2, '10', 'D9', 0, 0, '', 0, 9),
(1064, 2, '10', 'D10', 0, 0, '', 0, 10),
(1065, 2, '10', 'D11', 0, 0, '', 0, 11),
(1066, 2, '10', 'D12', 0, 0, '', 0, 12),
(1067, 2, '10', 'D13', 0, 0, '', 0, 13),
(1068, 2, '10', 'D14', 0, 0, '', 0, 14),
(1069, 2, '10', 'D15', 0, 0, '', 0, 15),
(1070, 2, '10', 'D16', 0, 0, '', 0, 16),
(1071, 2, '10', 'D17', 0, 0, '', 0, 17),
(1072, 2, '10', 'D18', 0, 0, '', 0, 18),
(1073, 2, '10', 'D19', 0, 0, '', 0, 19),
(1074, 2, '10', 'D20', 0, 0, '', 0, 20),
(1075, 2, '10', 'D21', 0, 0, '', 0, 21),
(1076, 2, '10', 'D22', 0, 0, '', 0, 22),
(1077, 2, '10', 'D23', 0, 0, '', 0, 23),
(1078, 2, '10', 'D24', 0, 0, '', 0, 24),
(1079, 2, '10', 'D25', 0, 0, '', 0, 25),
(1080, 2, '10', 'D26', 0, 0, '', 0, 26),
(1081, 2, '10', 'D27', 0, 0, '', 0, 27),
(1082, 2, '10', 'D28', 0, 0, '', 0, 28),
(1083, 2, '10', 'D29', 0, 0, '', 0, 29),
(1084, 2, '10', 'D30', 0, 0, '', 0, 30),
(1085, 2, '10', 'D31', 0, 0, '', 0, 31),
(1086, 2, '10', 'D32', 0, 0, '', 0, 32),
(1087, 2, '10', 'D33', 0, 0, '', 0, 33),
(1088, 2, '10', 'D34', 0, 0, '', 0, 34),
(1089, 2, '10', 'D35', 0, 0, '', 0, 35),
(1090, 2, '10', 'D36', 0, 0, '', 0, 36),
(1091, 2, '10', 'D37', 0, 0, '', 0, 37),
(1092, 2, '10', 'D38', 0, 0, '', 0, 38),
(1093, 2, '10', 'D39', 0, 0, '', 0, 39),
(1094, 2, '10', 'D40', 0, 0, '', 0, 40),
(1095, 2, '10', 'D41', 0, 0, '', 0, 41),
(1096, 2, '10', 'D42', 0, 0, '', 0, 42),
(1097, 2, '10', 'D43', 0, 0, '', 0, 43),
(1098, 2, '10', 'D44', 0, 0, '', 0, 44),
(1099, 2, '10', 'D45', 0, 0, '', 0, 45),
(1100, 2, '10', 'D46', 0, 0, '', 0, 46),
(1101, 2, '10', 'D47', 0, 0, '', 0, 47),
(1102, 2, '10', 'D48', 0, 0, '', 0, 48),
(1103, 2, '10', 'D49', 0, 0, '', 0, 49),
(1104, 2, '10', 'D50', 0, 0, '', 0, 50),
(1105, 2, '10', 'D51', 0, 0, '', 0, 51),
(1106, 2, '10', 'D52', 0, 0, '', 0, 52),
(1107, 2, '10', 'D53', 0, 0, '', 0, 53),
(1108, 2, '10', 'D54', 0, 0, '', 0, 54),
(1109, 2, '10', 'D55', 0, 0, '', 0, 55),
(1110, 2, '10', 'D56', 0, 0, '', 0, 56),
(1111, 2, '10', 'D57', 0, 0, '', 0, 57),
(1112, 2, '10', 'D58', 0, 0, '', 0, 58),
(1113, 2, '10', 'D59', 0, 0, '', 0, 59),
(1114, 2, '10', 'D60', 0, 0, '', 0, 60),
(1115, 2, '10', 'D61', 0, 0, '', 0, 61),
(1116, 2, '10', 'D62', 0, 0, '', 0, 62),
(1117, 2, '10', 'D63', 0, 0, '', 0, 63),
(1118, 2, '10', 'D64', 0, 0, '', 0, 64),
(1119, 2, '10', 'D65', 0, 0, '', 0, 65),
(1120, 2, '10', 'D66', 0, 0, '', 0, 66),
(1121, 2, '10', 'D67', 0, 0, '', 0, 67),
(1122, 2, '10', 'D68', 0, 0, '', 0, 68),
(1123, 2, '10', 'D69', 0, 0, '', 0, 69),
(1124, 2, '10', 'D70', 0, 0, '', 0, 70),
(1125, 2, '10', 'D71', 0, 0, '', 0, 71),
(1126, 2, '10', 'D72', 0, 0, '', 0, 72),
(1127, 2, '10', 'D73', 0, 0, '', 0, 73),
(1128, 2, '10', 'D74', 0, 0, '', 0, 74),
(1129, 2, '10', 'D75', 0, 0, '', 0, 75),
(1130, 2, '10', 'D76', 0, 0, '', 0, 76),
(1131, 2, '10', 'D77', 0, 0, '', 0, 77),
(1132, 2, '10', 'D78', 0, 0, '', 0, 78),
(1133, 2, '10', 'D79', 0, 0, '', 0, 79),
(1134, 2, '10', 'D80', 0, 0, '', 0, 80),
(1135, 2, '10', 'D81', 0, 0, '', 0, 81),
(1136, 2, '10', 'D82', 0, 0, '', 0, 82),
(1137, 2, '10', 'D83', 0, 0, '', 0, 83),
(1138, 2, '10', 'D84', 0, 0, '', 0, 84),
(1139, 2, '10', 'D85', 0, 0, '', 0, 85),
(1140, 2, '10', 'D86', 0, 0, '', 0, 86),
(1141, 2, '10', 'D87', 0, 0, '', 0, 87),
(1142, 2, '10', 'D88', 0, 0, '', 0, 88),
(1143, 2, '10', 'D89', 0, 0, '', 0, 89),
(1144, 2, '10', 'D90', 0, 0, '', 0, 90),
(1145, 2, '10', 'D91', 0, 0, '', 0, 91),
(1146, 2, '10', 'D92', 0, 0, '', 0, 92),
(1147, 2, '10', 'D93', 0, 0, '', 0, 93),
(1148, 2, '10', 'D94', 0, 0, '', 0, 94),
(1149, 2, '10', 'D95', 0, 0, '', 0, 95),
(1150, 2, '10', 'D96', 0, 0, '', 0, 96),
(1151, 2, '10', 'D97', 0, 0, '', 0, 97),
(1152, 2, '10', 'D98', 0, 0, '', 0, 98),
(1153, 2, '10', 'D99', 0, 0, '', 0, 99),
(1154, 2, '10', 'D100', 0, 0, '', 0, 100),
(1155, 2, '10', 'D101', 0, 0, '', 0, 101),
(1156, 2, '10', 'D102', 0, 0, '', 0, 102),
(1157, 2, '10', 'D103', 0, 0, '', 0, 103),
(1158, 2, '10', 'D104', 0, 0, '', 0, 104),
(1159, 2, '10', 'D105', 0, 0, '', 0, 105),
(1160, 2, '10', 'D106', 0, 0, '', 0, 106),
(1161, 2, '10', 'D107', 0, 0, '', 0, 107),
(1162, 2, '10', 'D108', 0, 0, '', 0, 108),
(1163, 2, '10', 'D109', 0, 0, '', 0, 109),
(1164, 2, '10', 'D110', 0, 0, '', 0, 110),
(1165, 2, '10', 'D111', 0, 0, '', 0, 111),
(1166, 2, '10', 'D112', 0, 0, '', 0, 112),
(1167, 2, '10', 'D113', 0, 0, '', 0, 113),
(1168, 2, '10', 'D114', 0, 0, '', 0, 114),
(1169, 2, '10', 'D115', 0, 0, '', 0, 115),
(1170, 2, '10', 'D116', 0, 0, '', 0, 116),
(1171, 2, '10', 'D117', 0, 0, '', 0, 117),
(1172, 2, '10', 'D118', 0, 0, '', 0, 118),
(1173, 2, '10', 'D119', 0, 0, '', 0, 119),
(1174, 2, '10', 'D120', 0, 0, '', 0, 120),
(1175, 2, '10', 'D121', 0, 0, '', 0, 121),
(1176, 2, '10', 'D122', 0, 0, '', 0, 122),
(1177, 2, '10', 'D123', 0, 0, '', 0, 123),
(1178, 2, '10', 'D124', 0, 0, '', 0, 124),
(1179, 2, '10', 'D125', 0, 0, '', 0, 125),
(1180, 2, '10', 'D126', 0, 0, '', 0, 126),
(1181, 2, '10', 'D127', 0, 0, '', 0, 127),
(1182, 2, '10', 'D128', 0, 0, '', 0, 128),
(1183, 2, '10', 'D129', 0, 0, '', 0, 129),
(1184, 2, '10', 'D130', 0, 0, '', 0, 130),
(1185, 2, '10', 'D131', 0, 0, '', 0, 131),
(1186, 2, '10', 'D132', 0, 0, '', 0, 132),
(1187, 2, '10', 'D133', 0, 0, '', 0, 133),
(1188, 2, '10', 'D134', 0, 0, '', 0, 134),
(1189, 2, '10', 'D135', 0, 0, '', 0, 135),
(1190, 2, '10', 'D136', 0, 0, '', 0, 136),
(1191, 2, '10', 'D137', 0, 0, '', 0, 137),
(1192, 2, '10', 'D138', 0, 0, '', 0, 138),
(1193, 2, '10', 'D139', 0, 0, '', 0, 139),
(1194, 2, '10', 'D140', 0, 0, '', 0, 140),
(1195, 2, '10', 'D141', 0, 0, '', 0, 141),
(1196, 2, '10', 'D142', 0, 0, '', 0, 142),
(1197, 2, '10', 'D143', 0, 0, '', 0, 143),
(1198, 2, '10', 'D144', 0, 0, '', 0, 144),
(1199, 2, '10', 'D145', 0, 0, '', 0, 145),
(1200, 2, '10', 'D146', 0, 0, '', 0, 146),
(1201, 2, '10', 'D147', 0, 0, '', 0, 147),
(1202, 2, '10', 'D148', 0, 0, '', 0, 148),
(1203, 2, '10', 'D149', 0, 0, '', 0, 149),
(1204, 2, '10', 'D150', 0, 0, '', 0, 150),
(1205, 2, '10', 'D151', 0, 0, '', 0, 151),
(1206, 2, '10', 'D152', 0, 0, '', 0, 152),
(1207, 2, '10', 'D153', 0, 0, '', 0, 153),
(1208, 2, '10', 'D154', 0, 0, '', 0, 154),
(1209, 2, '10', 'D155', 0, 0, '', 0, 155),
(1210, 2, '10', 'D156', 0, 0, '', 0, 156),
(1211, 2, '10', 'D157', 0, 0, '', 0, 157),
(1212, 2, '10', 'D158', 0, 0, '', 0, 158),
(1213, 2, '10', 'D159', 0, 0, '', 0, 159),
(1214, 2, '10', 'D160', 0, 0, '', 0, 160),
(1215, 2, '10', 'D161', 0, 0, '', 0, 161),
(1216, 2, '10', 'D162', 0, 0, '', 0, 162),
(1217, 2, '10', 'D163', 0, 0, '', 0, 163),
(1218, 2, '10', 'D164', 0, 0, '', 0, 164),
(1219, 2, '10', 'D165', 0, 0, '', 0, 165),
(1220, 2, '10', 'D166', 0, 0, '', 0, 166),
(1221, 2, '10', 'D167', 0, 0, '', 0, 167),
(1222, 2, '10', 'D168', 0, 0, '', 0, 168),
(1223, 2, '10', 'D169', 0, 0, '', 0, 169),
(1224, 2, '10', 'D170', 0, 0, '', 0, 170),
(1225, 2, '10', 'D171', 0, 0, '', 0, 171),
(1226, 2, '10', 'D172', 0, 0, '', 0, 172),
(1227, 2, '10', 'D173', 0, 0, '', 0, 173),
(1228, 2, '10', 'D174', 0, 0, '', 0, 174),
(1229, 2, '10', 'D175', 0, 0, '', 0, 175),
(1230, 2, '10', 'D176', 0, 0, '', 0, 176),
(1231, 2, '10', 'D177', 0, 0, '', 0, 177),
(1232, 2, '10', 'D178', 0, 0, '', 0, 178),
(1233, 2, '10', 'D179', 0, 0, '', 0, 179),
(1234, 2, '10', 'D180', 0, 0, '', 0, 180),
(1235, 2, '10', 'D181', 0, 0, '', 0, 181),
(1236, 2, '10', 'D182', 0, 0, '', 0, 182),
(1237, 2, '10', 'D183', 0, 0, '', 0, 183),
(1238, 2, '10', 'D184', 0, 0, '', 0, 184),
(1239, 2, '10', 'D185', 0, 0, '', 0, 185),
(1240, 2, '10', 'D186', 0, 0, '', 0, 186),
(1241, 2, '10', 'D187', 0, 0, '', 0, 187),
(1242, 2, '10', 'D188', 0, 0, '', 0, 188),
(1243, 2, '10', 'D189', 0, 0, '', 0, 189),
(1244, 2, '10', 'D190', 0, 0, '', 0, 190),
(1245, 2, '10', 'D191', 0, 0, '', 0, 191),
(1246, 2, '10', 'D192', 0, 0, '', 0, 192),
(1247, 2, '10', 'D193', 0, 0, '', 0, 193),
(1248, 2, '10', 'D194', 0, 0, '', 0, 194),
(1249, 2, '10', 'D195', 0, 0, '', 0, 195),
(1250, 2, '10', 'D196', 0, 0, '', 0, 196),
(1251, 2, '10', 'D197', 0, 0, '', 0, 197),
(1252, 2, '10', 'D198', 0, 0, '', 0, 198),
(1253, 2, '10', 'D199', 0, 0, '', 0, 199),
(1254, 2, '10', 'D200', 0, 0, '', 0, 200),
(1255, 2, '10', 'D201', 0, 0, '', 0, 201),
(1256, 2, '10', 'D202', 0, 0, '', 0, 202),
(1257, 2, '10', 'D203', 0, 0, '', 0, 203),
(1258, 2, '10', 'D204', 0, 0, '', 0, 204),
(1259, 2, '10', 'D205', 0, 0, '', 0, 205),
(1260, 2, '10', 'D206', 0, 0, '', 0, 206),
(1261, 2, '10', 'D207', 0, 0, '', 0, 207),
(1262, 2, '10', 'D208', 0, 0, '', 0, 208),
(1263, 2, '10', 'D209', 0, 0, '', 0, 209),
(1264, 2, '10', 'D210', 0, 0, '', 0, 210),
(1265, 2, '10', 'D211', 0, 0, '', 0, 211),
(1266, 2, '10', 'D212', 0, 0, '', 0, 212),
(1267, 2, '10', 'D213', 0, 0, '', 0, 213),
(1268, 2, '10', 'D214', 0, 0, '', 0, 214),
(1269, 2, '10', 'D215', 0, 0, '', 0, 215),
(1270, 2, '10', 'D216', 0, 0, '', 0, 216),
(1271, 2, '10', 'D217', 0, 0, '', 0, 217),
(1272, 2, '10', 'D218', 0, 0, '', 0, 218),
(1273, 2, '10', 'D219', 0, 0, '', 0, 219),
(1274, 2, '10', 'D220', 0, 0, '', 0, 220),
(1275, 2, '10', 'D221', 0, 0, '', 0, 221),
(1276, 2, '10', 'D222', 0, 0, '', 0, 222),
(1277, 2, '10', 'D223', 0, 0, '', 0, 223),
(1278, 2, '10', 'D224', 0, 0, '', 0, 224),
(1279, 2, '10', 'D225', 0, 0, '', 0, 225),
(1280, 2, '10', 'D226', 0, 0, '', 0, 226),
(1281, 2, '10', 'D227', 0, 0, '', 0, 227),
(1282, 2, '10', 'D228', 0, 0, '', 0, 228),
(1283, 2, '10', 'D229', 0, 0, '', 0, 229),
(1284, 2, '10', 'D230', 0, 0, '', 0, 230),
(1285, 2, '10', 'D231', 0, 0, '', 0, 231),
(1286, 2, '10', 'D232', 0, 0, '', 0, 232),
(1287, 2, '10', 'D233', 0, 0, '', 0, 233),
(1288, 2, '10', 'D234', 0, 0, '', 0, 234),
(1289, 2, '10', 'D235', 0, 0, '', 0, 235),
(1290, 2, '10', 'D236', 0, 0, '', 0, 236),
(1291, 2, '10', 'D237', 0, 0, '', 0, 237),
(1292, 2, '10', 'D238', 0, 0, '', 0, 238),
(1293, 2, '10', 'D239', 0, 0, '', 0, 239),
(1294, 2, '10', 'D240', 0, 0, '', 0, 240),
(1295, 2, '10', 'D241', 0, 0, '', 0, 241),
(1296, 2, '10', 'D242', 0, 0, '', 0, 242),
(1297, 2, '10', 'D243', 0, 0, '', 0, 243),
(1298, 2, '10', 'D244', 0, 0, '', 0, 244),
(1299, 2, '10', 'D245', 0, 0, '', 0, 245),
(1300, 2, '10', 'D246', 0, 0, '', 0, 246),
(1301, 2, '10', 'D247', 0, 0, '', 0, 247),
(1302, 2, '10', 'D248', 0, 0, '', 0, 248),
(1303, 2, '10', 'D249', 0, 0, '', 0, 249),
(1304, 2, '10', 'D250', 0, 0, '', 0, 250),
(1305, 2, '10', 'D251', 0, 0, '', 0, 251),
(1306, 2, '10', 'D252', 0, 0, '', 0, 252),
(1307, 2, '10', 'D253', 0, 0, '', 0, 253),
(1308, 2, '10', 'D254', 0, 0, '', 0, 254),
(1309, 2, '10', 'D255', 0, 0, '', 0, 255),
(1310, 2, '10', 'D256', 0, 0, '', 0, 256),
(1311, 2, '10', 'D257', 0, 0, '', 0, 257),
(1312, 2, '10', 'D258', 0, 0, '', 0, 258),
(1313, 2, '10', 'D259', 0, 0, '', 0, 259),
(1314, 2, '10', 'D260', 0, 0, '', 0, 260),
(1315, 2, '10', 'D261', 0, 0, '', 0, 261),
(1316, 2, '10', 'D262', 0, 0, '', 0, 262),
(1317, 2, '10', 'D263', 0, 0, '', 0, 263),
(1318, 2, '10', 'D264', 0, 0, '', 0, 264),
(1319, 2, '10', 'D265', 0, 0, '', 0, 265),
(1320, 2, '10', 'D266', 0, 0, '', 0, 266),
(1321, 2, '10', 'D267', 0, 0, '', 0, 267),
(1322, 2, '10', 'D268', 0, 0, '', 0, 268),
(1323, 2, '10', 'D269', 0, 0, '', 0, 269),
(1324, 2, '10', 'D270', 0, 0, '', 0, 270),
(1325, 2, '10', 'D271', 0, 0, '', 0, 271),
(1326, 2, '10', 'D272', 0, 0, '', 0, 272),
(1327, 2, '10', 'D273', 0, 0, '', 0, 273),
(1328, 2, '10', 'D274', 0, 0, '', 0, 274),
(1329, 2, '10', 'D275', 0, 0, '', 0, 275),
(1330, 2, '10', 'D276', 0, 0, '', 0, 276),
(1331, 2, '10', 'D277', 0, 0, '', 0, 277),
(1332, 2, '10', 'D278', 0, 0, '', 0, 278),
(1333, 2, '10', 'D279', 0, 0, '', 0, 279),
(1334, 2, '10', 'D280', 0, 0, '', 0, 280),
(1335, 2, '10', 'D281', 0, 0, '', 0, 281),
(1336, 2, '10', 'D282', 0, 0, '', 0, 282),
(1337, 2, '10', 'D283', 0, 0, '', 0, 283),
(1338, 2, '10', 'D284', 0, 0, '', 0, 284),
(1339, 2, '10', 'D285', 0, 0, '', 0, 285),
(1340, 2, '10', 'D286', 0, 0, '', 0, 286),
(1341, 2, '10', 'D287', 0, 0, '', 0, 287),
(1342, 2, '10', 'D288', 0, 0, '', 0, 288),
(1343, 2, '10', 'D289', 0, 0, '', 0, 289),
(1344, 2, '10', 'D290', 0, 0, '', 0, 290),
(1345, 2, '10', 'D291', 0, 0, '', 0, 291),
(1346, 2, '10', 'D292', 0, 0, '', 0, 292),
(1347, 2, '10', 'D293', 0, 0, '', 0, 293),
(1348, 2, '10', 'D294', 0, 0, '', 0, 294),
(1349, 2, '10', 'D295', 0, 0, '', 0, 295),
(1350, 2, '10', 'D296', 0, 0, '', 0, 296),
(1351, 2, '10', 'D297', 0, 0, '', 0, 297),
(1352, 2, '10', 'D298', 0, 0, '', 0, 298),
(1353, 2, '10', 'D299', 0, 0, '', 0, 299),
(1354, 2, '10', 'D300', 0, 0, '', 0, 300),
(1355, 2, '10', 'D301', 0, 0, '', 0, 301),
(1356, 2, '10', 'D302', 0, 0, '', 0, 302),
(1357, 2, '10', 'D303', 0, 0, '', 0, 303),
(1358, 2, '10', 'D304', 0, 0, '', 0, 304),
(1359, 2, '10', 'D305', 0, 0, '', 0, 305),
(1360, 2, '10', 'D306', 0, 0, '', 0, 306),
(1361, 2, '10', 'D307', 0, 0, '', 0, 307),
(1362, 2, '10', 'D308', 0, 0, '', 0, 308),
(1363, 2, '10', 'D309', 0, 0, '', 0, 309),
(1364, 2, '10', 'D310', 0, 0, '', 0, 310),
(1365, 2, '10', 'D311', 0, 0, '', 0, 311),
(1366, 2, '10', 'D312', 0, 0, '', 0, 312),
(1367, 2, '10', 'D313', 0, 0, '', 0, 313),
(1368, 2, '10', 'D314', 0, 0, '', 0, 314),
(1369, 2, '10', 'D315', 0, 0, '', 0, 315),
(1370, 2, '10', 'D316', 0, 0, '', 0, 316),
(1371, 2, '10', 'D317', 0, 0, '', 0, 317),
(1372, 2, '10', 'D318', 0, 0, '', 0, 318),
(1373, 2, '10', 'D319', 0, 0, '', 0, 319),
(1374, 2, '10', 'D320', 0, 0, '', 0, 320),
(1375, 2, '10', 'D321', 0, 0, '', 0, 321),
(1376, 2, '10', 'D322', 0, 0, '', 0, 322),
(1377, 2, '10', 'D323', 0, 0, '', 0, 323),
(1378, 2, '10', 'D324', 0, 0, '', 0, 324),
(1379, 2, '10', 'D325', 0, 0, '', 0, 325),
(1380, 2, '10', 'D326', 0, 0, '', 0, 326),
(1381, 2, '10', 'D327', 0, 0, '', 0, 327),
(1382, 2, '10', 'D328', 0, 0, '', 0, 328),
(1383, 2, '10', 'D329', 0, 0, '', 0, 329),
(1384, 2, '10', 'D330', 0, 0, '', 0, 330),
(1385, 2, '10', 'D331', 0, 0, '', 0, 331),
(1386, 2, '10', 'D332', 0, 0, '', 0, 332),
(1387, 2, '10', 'D333', 0, 0, '', 0, 333),
(1388, 2, '10', 'D334', 0, 0, '', 0, 334),
(1389, 2, '10', 'D335', 0, 0, '', 0, 335),
(1390, 2, '10', 'D336', 0, 0, '', 0, 336),
(1391, 2, '10', 'D337', 0, 0, '', 0, 337),
(1392, 2, '10', 'D338', 0, 0, '', 0, 338),
(1393, 2, '10', 'D339', 0, 0, '', 0, 339),
(1394, 2, '10', 'D340', 0, 0, '', 0, 340),
(1395, 2, '10', 'D341', 0, 0, '', 0, 341),
(1396, 2, '10', 'D342', 0, 0, '', 0, 342),
(1397, 2, '10', 'D343', 0, 0, '', 0, 343),
(1398, 2, '10', 'D344', 0, 0, '', 0, 344),
(1399, 2, '10', 'D345', 0, 0, '', 0, 345),
(1400, 2, '10', 'D346', 0, 0, '', 0, 346),
(1401, 2, '10', 'D347', 0, 0, '', 0, 347),
(1402, 2, '10', 'D348', 0, 0, '', 0, 348),
(1403, 2, '10', 'D349', 0, 0, '', 0, 349),
(1404, 2, '10', 'D350', 0, 0, '', 0, 350),
(1405, 2, '10', 'D351', 0, 0, '', 0, 351),
(1406, 2, '10', 'D352', 0, 0, '', 0, 352),
(1407, 2, '10', 'D353', 0, 0, '', 0, 353),
(1408, 2, '10', 'D354', 0, 0, '', 0, 354),
(1409, 2, '10', 'D355', 0, 0, '', 0, 355),
(1410, 2, '10', 'D356', 0, 0, '', 0, 356),
(1411, 2, '10', 'D357', 0, 0, '', 0, 357),
(1412, 2, '10', 'D358', 0, 0, '', 0, 358),
(1413, 2, '10', 'D359', 0, 0, '', 0, 359),
(1414, 2, '10', 'D360', 0, 0, '', 0, 360),
(1415, 2, '10', 'D361', 0, 0, '', 0, 361),
(1416, 2, '10', 'D362', 0, 0, '', 0, 362),
(1417, 2, '10', 'D363', 0, 0, '', 0, 363),
(1418, 2, '10', 'D364', 0, 0, '', 0, 364),
(1419, 2, '10', 'D365', 0, 0, '', 0, 365),
(1420, 2, '10', 'D366', 0, 0, '', 0, 366),
(1421, 2, '10', 'D367', 0, 0, '', 0, 367),
(1422, 2, '10', 'D368', 0, 0, '', 0, 368),
(1423, 2, '10', 'D369', 0, 0, '', 0, 369),
(1424, 2, '10', 'D370', 0, 0, '', 0, 370),
(1425, 2, '10', 'D371', 0, 0, '', 0, 371),
(1426, 2, '10', 'D372', 0, 0, '', 0, 372),
(1427, 2, '10', 'D373', 0, 0, '', 0, 373),
(1428, 2, '10', 'D374', 0, 0, '', 0, 374),
(1429, 2, '10', 'D375', 0, 0, '', 0, 375),
(1430, 2, '10', 'D376', 0, 0, '', 0, 376),
(1431, 2, '10', 'D377', 0, 0, '', 0, 377),
(1432, 2, '10', 'D378', 0, 0, '', 0, 378),
(1433, 2, '10', 'D379', 0, 0, '', 0, 379),
(1434, 2, '10', 'D380', 0, 0, '', 0, 380),
(1435, 2, '10', 'D381', 0, 0, '', 0, 381),
(1436, 2, '10', 'D382', 0, 0, '', 0, 382),
(1437, 2, '10', 'D383', 0, 0, '', 0, 383),
(1438, 2, '10', 'D384', 0, 0, '', 0, 384),
(1439, 2, '10', 'D385', 0, 0, '', 0, 385),
(1440, 2, '10', 'D386', 0, 0, '', 0, 386),
(1441, 2, '10', 'D387', 0, 0, '', 0, 387),
(1442, 2, '10', 'D388', 0, 0, '', 0, 388),
(1443, 2, '10', 'D389', 0, 0, '', 0, 389),
(1444, 2, '10', 'D390', 0, 0, '', 0, 390),
(1445, 2, '10', 'D391', 0, 0, '', 0, 391),
(1446, 2, '10', 'D392', 0, 0, '', 0, 392),
(1447, 2, '10', 'D393', 0, 0, '', 0, 393),
(1448, 2, '10', 'D394', 0, 0, '', 0, 394),
(1449, 2, '10', 'D395', 0, 0, '', 0, 395),
(1450, 2, '10', 'D396', 0, 0, '', 0, 396),
(1451, 2, '10', 'D397', 0, 0, '', 0, 397),
(1452, 2, '10', 'D398', 0, 0, '', 0, 398),
(1453, 2, '10', 'D399', 0, 0, '', 0, 399),
(1454, 2, '10', 'D400', 0, 0, '', 0, 400),
(1455, 2, '11', 'E1', 0, 0, '', 0, 1),
(1456, 2, '11', 'E2', 0, 0, '', 0, 2),
(1457, 2, '11', 'E3', 0, 0, '', 0, 3),
(1458, 2, '11', 'E4', 0, 0, '', 0, 4),
(1459, 2, '11', 'E5', 0, 0, '', 0, 5),
(1460, 2, '11', 'E6', 0, 0, '', 0, 6),
(1461, 2, '11', 'E7', 0, 0, '', 0, 7),
(1462, 2, '11', 'E8', 0, 0, '', 0, 8),
(1463, 2, '11', 'E9', 0, 0, '', 0, 9),
(1464, 2, '11', 'E10', 0, 0, '', 0, 10),
(1465, 2, '11', 'E11', 0, 0, '', 0, 11),
(1466, 2, '11', 'E12', 0, 0, '', 0, 12),
(1467, 2, '11', 'E13', 0, 0, '', 0, 13),
(1468, 2, '11', 'E14', 0, 0, '', 0, 14),
(1469, 2, '11', 'E15', 0, 0, '', 0, 15),
(1470, 2, '11', 'E16', 0, 0, '', 0, 16),
(1471, 2, '11', 'E17', 0, 0, '', 0, 17),
(1472, 2, '11', 'E18', 0, 0, '', 0, 18),
(1473, 2, '11', 'E19', 0, 0, '', 0, 19),
(1474, 2, '11', 'E20', 0, 0, '', 0, 20),
(1475, 2, '11', 'E21', 0, 0, '', 0, 21),
(1476, 2, '11', 'E22', 0, 0, '', 0, 22),
(1477, 2, '11', 'E23', 0, 0, '', 0, 23),
(1478, 2, '11', 'E24', 0, 0, '', 0, 24),
(1479, 2, '11', 'E25', 0, 0, '', 0, 25),
(1480, 2, '11', 'E26', 0, 0, '', 0, 26),
(1481, 2, '11', 'E27', 0, 0, '', 0, 27),
(1482, 2, '11', 'E28', 0, 0, '', 0, 28),
(1483, 2, '11', 'E29', 0, 0, '', 0, 29),
(1484, 2, '11', 'E30', 0, 0, '', 0, 30),
(1485, 2, '11', 'E31', 0, 0, '', 0, 31),
(1486, 2, '11', 'E32', 0, 0, '', 0, 32),
(1487, 2, '11', 'E33', 0, 0, '', 0, 33),
(1488, 2, '11', 'E34', 0, 0, '', 0, 34),
(1489, 2, '11', 'E35', 0, 0, '', 0, 35),
(1490, 2, '11', 'E36', 0, 0, '', 0, 36),
(1491, 2, '11', 'E37', 0, 0, '', 0, 37),
(1492, 2, '11', 'E38', 0, 0, '', 0, 38),
(1493, 2, '11', 'E39', 0, 0, '', 0, 39),
(1494, 2, '11', 'E40', 0, 0, '', 0, 40),
(1495, 2, '11', 'E41', 0, 0, '', 0, 41),
(1496, 2, '11', 'E42', 0, 0, '', 0, 42),
(1497, 2, '11', 'E43', 0, 0, '', 0, 43),
(1498, 2, '11', 'E44', 0, 0, '', 0, 44),
(1499, 2, '11', 'E45', 0, 0, '', 0, 45),
(1500, 2, '11', 'E46', 0, 0, '', 0, 46),
(1501, 2, '11', 'E47', 0, 0, '', 0, 47),
(1502, 2, '11', 'E48', 0, 0, '', 0, 48),
(1503, 2, '11', 'E49', 0, 0, '', 0, 49),
(1504, 2, '11', 'E50', 0, 0, '', 0, 50),
(1505, 2, '11', 'E51', 0, 0, '', 0, 51),
(1506, 2, '11', 'E52', 0, 0, '', 0, 52),
(1507, 2, '11', 'E53', 0, 0, '', 0, 53),
(1508, 2, '11', 'E54', 0, 0, '', 0, 54),
(1509, 2, '11', 'E55', 0, 0, '', 0, 55),
(1510, 2, '11', 'E56', 0, 0, '', 0, 56),
(1511, 2, '11', 'E57', 0, 0, '', 0, 57),
(1512, 2, '11', 'E58', 0, 0, '', 0, 58),
(1513, 2, '11', 'E59', 0, 0, '', 0, 59),
(1514, 2, '11', 'E60', 0, 0, '', 0, 60),
(1515, 2, '11', 'E61', 0, 0, '', 0, 61),
(1516, 2, '11', 'E62', 0, 0, '', 0, 62),
(1517, 2, '11', 'E63', 0, 0, '', 0, 63),
(1518, 2, '11', 'E64', 0, 0, '', 0, 64),
(1519, 2, '11', 'E65', 0, 0, '', 0, 65),
(1520, 2, '11', 'E66', 0, 0, '', 0, 66),
(1521, 2, '11', 'E67', 0, 0, '', 0, 67),
(1522, 2, '11', 'E68', 0, 0, '', 0, 68),
(1523, 2, '11', 'E69', 0, 0, '', 0, 69),
(1524, 2, '11', 'E70', 0, 0, '', 0, 70),
(1525, 2, '11', 'E71', 0, 0, '', 0, 71),
(1526, 2, '11', 'E72', 0, 0, '', 0, 72),
(1527, 2, '11', 'E73', 0, 0, '', 0, 73),
(1528, 2, '11', 'E74', 0, 0, '', 0, 74),
(1529, 2, '11', 'E75', 0, 0, '', 0, 75),
(1530, 2, '11', 'E76', 0, 0, '', 0, 76),
(1531, 2, '11', 'E77', 0, 0, '', 0, 77),
(1532, 2, '11', 'E78', 0, 0, '', 0, 78),
(1533, 2, '11', 'E79', 0, 0, '', 0, 79),
(1534, 2, '11', 'E80', 0, 0, '', 0, 80),
(1535, 2, '11', 'E81', 0, 0, '', 0, 81),
(1536, 2, '11', 'E82', 0, 0, '', 0, 82),
(1537, 2, '11', 'E83', 0, 0, '', 0, 83),
(1538, 2, '11', 'E84', 0, 0, '', 0, 84),
(1539, 2, '11', 'E85', 0, 0, '', 0, 85),
(1540, 2, '11', 'E86', 0, 0, '', 0, 86),
(1541, 2, '11', 'E87', 0, 0, '', 0, 87),
(1542, 2, '11', 'E88', 0, 0, '', 0, 88),
(1543, 2, '11', 'E89', 0, 0, '', 0, 89),
(1544, 2, '11', 'E90', 0, 0, '', 0, 90),
(1545, 2, '11', 'E91', 0, 0, '', 0, 91),
(1546, 2, '11', 'E92', 0, 0, '', 0, 92),
(1547, 2, '11', 'E93', 0, 0, '', 0, 93),
(1548, 2, '11', 'E94', 0, 0, '', 0, 94),
(1549, 2, '11', 'E95', 0, 0, '', 0, 95),
(1550, 2, '11', 'E96', 0, 0, '', 0, 96);
INSERT INTO `qs_jobfair_position` (`id`, `jobfair_id`, `area_id`, `position`, `company_id`, `company_uid`, `company_name`, `status`, `orderid`) VALUES
(1551, 2, '11', 'E97', 0, 0, '', 0, 97),
(1552, 2, '11', 'E98', 0, 0, '', 0, 98),
(1553, 2, '11', 'E99', 0, 0, '', 0, 99),
(1554, 2, '11', 'E100', 0, 0, '', 0, 100),
(1555, 2, '11', 'E101', 0, 0, '', 0, 101),
(1556, 2, '11', 'E102', 0, 0, '', 0, 102),
(1557, 2, '11', 'E103', 0, 0, '', 0, 103),
(1558, 2, '11', 'E104', 0, 0, '', 0, 104),
(1559, 2, '11', 'E105', 0, 0, '', 0, 105),
(1560, 2, '11', 'E106', 0, 0, '', 0, 106),
(1561, 2, '11', 'E107', 0, 0, '', 0, 107),
(1562, 2, '11', 'E108', 0, 0, '', 0, 108),
(1563, 2, '11', 'E109', 0, 0, '', 0, 109),
(1564, 2, '11', 'E110', 0, 0, '', 0, 110),
(1565, 2, '11', 'E111', 0, 0, '', 0, 111),
(1566, 2, '11', 'E112', 0, 0, '', 0, 112),
(1567, 2, '11', 'E113', 0, 0, '', 0, 113),
(1568, 2, '11', 'E114', 0, 0, '', 0, 114),
(1569, 2, '11', 'E115', 0, 0, '', 0, 115),
(1570, 2, '11', 'E116', 0, 0, '', 0, 116),
(1571, 2, '11', 'E117', 0, 0, '', 0, 117),
(1572, 2, '11', 'E118', 0, 0, '', 0, 118),
(1573, 2, '11', 'E119', 0, 0, '', 0, 119),
(1574, 2, '11', 'E120', 0, 0, '', 0, 120),
(1575, 2, '11', 'E121', 0, 0, '', 0, 121),
(1576, 2, '11', 'E122', 0, 0, '', 0, 122),
(1577, 2, '11', 'E123', 0, 0, '', 0, 123),
(1578, 2, '11', 'E124', 0, 0, '', 0, 124),
(1579, 2, '11', 'E125', 0, 0, '', 0, 125),
(1580, 2, '11', 'E126', 0, 0, '', 0, 126),
(1581, 2, '11', 'E127', 0, 0, '', 0, 127),
(1582, 2, '11', 'E128', 0, 0, '', 0, 128),
(1583, 2, '11', 'E129', 0, 0, '', 0, 129),
(1584, 2, '11', 'E130', 0, 0, '', 0, 130),
(1585, 2, '11', 'E131', 0, 0, '', 0, 131),
(1586, 2, '11', 'E132', 0, 0, '', 0, 132),
(1587, 2, '11', 'E133', 0, 0, '', 0, 133),
(1588, 2, '11', 'E134', 0, 0, '', 0, 134),
(1589, 2, '11', 'E135', 0, 0, '', 0, 135),
(1590, 2, '11', 'E136', 0, 0, '', 0, 136),
(1591, 2, '11', 'E137', 0, 0, '', 0, 137),
(1592, 2, '11', 'E138', 0, 0, '', 0, 138),
(1593, 2, '11', 'E139', 0, 0, '', 0, 139),
(1594, 2, '11', 'E140', 0, 0, '', 0, 140),
(1595, 2, '11', 'E141', 0, 0, '', 0, 141),
(1596, 2, '11', 'E142', 0, 0, '', 0, 142),
(1597, 2, '11', 'E143', 0, 0, '', 0, 143),
(1598, 2, '11', 'E144', 0, 0, '', 0, 144),
(1599, 2, '11', 'E145', 0, 0, '', 0, 145),
(1600, 2, '11', 'E146', 0, 0, '', 0, 146),
(1601, 2, '11', 'E147', 0, 0, '', 0, 147),
(1602, 2, '11', 'E148', 0, 0, '', 0, 148),
(1603, 2, '11', 'E149', 0, 0, '', 0, 149),
(1604, 2, '11', 'E150', 0, 0, '', 0, 150),
(1605, 2, '11', 'E151', 0, 0, '', 0, 151),
(1606, 2, '11', 'E152', 0, 0, '', 0, 152),
(1607, 2, '11', 'E153', 0, 0, '', 0, 153),
(1608, 2, '11', 'E154', 0, 0, '', 0, 154),
(1609, 2, '11', 'E155', 0, 0, '', 0, 155),
(1610, 2, '11', 'E156', 0, 0, '', 0, 156),
(1611, 2, '11', 'E157', 0, 0, '', 0, 157),
(1612, 2, '11', 'E158', 0, 0, '', 0, 158),
(1613, 2, '11', 'E159', 0, 0, '', 0, 159),
(1614, 2, '11', 'E160', 0, 0, '', 0, 160),
(1615, 2, '11', 'E161', 0, 0, '', 0, 161),
(1616, 2, '11', 'E162', 0, 0, '', 0, 162),
(1617, 2, '11', 'E163', 0, 0, '', 0, 163),
(1618, 2, '11', 'E164', 0, 0, '', 0, 164),
(1619, 2, '11', 'E165', 0, 0, '', 0, 165),
(1620, 2, '11', 'E166', 0, 0, '', 0, 166),
(1621, 2, '11', 'E167', 0, 0, '', 0, 167),
(1622, 2, '11', 'E168', 0, 0, '', 0, 168),
(1623, 2, '11', 'E169', 0, 0, '', 0, 169),
(1624, 2, '11', 'E170', 0, 0, '', 0, 170),
(1625, 2, '11', 'E171', 0, 0, '', 0, 171),
(1626, 2, '11', 'E172', 0, 0, '', 0, 172),
(1627, 2, '11', 'E173', 0, 0, '', 0, 173),
(1628, 2, '11', 'E174', 0, 0, '', 0, 174),
(1629, 2, '11', 'E175', 0, 0, '', 0, 175),
(1630, 2, '11', 'E176', 0, 0, '', 0, 176),
(1631, 2, '11', 'E177', 0, 0, '', 0, 177),
(1632, 2, '11', 'E178', 0, 0, '', 0, 178),
(1633, 2, '11', 'E179', 0, 0, '', 0, 179),
(1634, 2, '11', 'E180', 0, 0, '', 0, 180),
(1635, 2, '11', 'E181', 0, 0, '', 0, 181),
(1636, 2, '11', 'E182', 0, 0, '', 0, 182),
(1637, 2, '11', 'E183', 0, 0, '', 0, 183),
(1638, 2, '11', 'E184', 0, 0, '', 0, 184),
(1639, 2, '11', 'E185', 0, 0, '', 0, 185),
(1640, 2, '11', 'E186', 0, 0, '', 0, 186),
(1641, 2, '11', 'E187', 0, 0, '', 0, 187),
(1642, 2, '11', 'E188', 0, 0, '', 0, 188),
(1643, 2, '11', 'E189', 0, 0, '', 0, 189),
(1644, 2, '11', 'E190', 0, 0, '', 0, 190),
(1645, 2, '11', 'E191', 0, 0, '', 0, 191),
(1646, 2, '11', 'E192', 0, 0, '', 0, 192),
(1647, 2, '11', 'E193', 0, 0, '', 0, 193),
(1648, 2, '11', 'E194', 0, 0, '', 0, 194),
(1649, 2, '11', 'E195', 0, 0, '', 0, 195),
(1650, 2, '11', 'E196', 0, 0, '', 0, 196),
(1651, 2, '11', 'E197', 0, 0, '', 0, 197),
(1652, 2, '11', 'E198', 0, 0, '', 0, 198),
(1653, 2, '11', 'E199', 0, 0, '', 0, 199),
(1654, 2, '11', 'E200', 0, 0, '', 0, 200),
(1655, 2, '11', 'E201', 0, 0, '', 0, 201),
(1656, 2, '11', 'E202', 0, 0, '', 0, 202),
(1657, 2, '11', 'E203', 0, 0, '', 0, 203),
(1658, 2, '11', 'E204', 0, 0, '', 0, 204),
(1659, 2, '11', 'E205', 0, 0, '', 0, 205),
(1660, 2, '11', 'E206', 0, 0, '', 0, 206),
(1661, 2, '11', 'E207', 0, 0, '', 0, 207),
(1662, 2, '11', 'E208', 0, 0, '', 0, 208),
(1663, 2, '11', 'E209', 0, 0, '', 0, 209),
(1664, 2, '11', 'E210', 0, 0, '', 0, 210),
(1665, 2, '11', 'E211', 0, 0, '', 0, 211),
(1666, 2, '11', 'E212', 0, 0, '', 0, 212),
(1667, 2, '11', 'E213', 0, 0, '', 0, 213),
(1668, 2, '11', 'E214', 0, 0, '', 0, 214),
(1669, 2, '11', 'E215', 0, 0, '', 0, 215),
(1670, 2, '11', 'E216', 0, 0, '', 0, 216),
(1671, 2, '11', 'E217', 0, 0, '', 0, 217),
(1672, 2, '11', 'E218', 0, 0, '', 0, 218),
(1673, 2, '11', 'E219', 0, 0, '', 0, 219),
(1674, 2, '11', 'E220', 0, 0, '', 0, 220),
(1675, 2, '11', 'E221', 0, 0, '', 0, 221),
(1676, 2, '11', 'E222', 0, 0, '', 0, 222),
(1677, 2, '11', 'E223', 0, 0, '', 0, 223),
(1678, 2, '11', 'E224', 0, 0, '', 0, 224),
(1679, 2, '11', 'E225', 0, 0, '', 0, 225),
(1680, 2, '11', 'E226', 0, 0, '', 0, 226),
(1681, 2, '11', 'E227', 0, 0, '', 0, 227),
(1682, 2, '11', 'E228', 0, 0, '', 0, 228),
(1683, 2, '11', 'E229', 0, 0, '', 0, 229),
(1684, 2, '11', 'E230', 0, 0, '', 0, 230),
(1685, 2, '11', 'E231', 0, 0, '', 0, 231),
(1686, 2, '11', 'E232', 0, 0, '', 0, 232),
(1687, 2, '11', 'E233', 0, 0, '', 0, 233),
(1688, 2, '11', 'E234', 0, 0, '', 0, 234),
(1689, 2, '11', 'E235', 0, 0, '', 0, 235),
(1690, 2, '11', 'E236', 0, 0, '', 0, 236),
(1691, 2, '11', 'E237', 0, 0, '', 0, 237),
(1692, 2, '11', 'E238', 0, 0, '', 0, 238),
(1693, 2, '11', 'E239', 0, 0, '', 0, 239),
(1694, 2, '11', 'E240', 0, 0, '', 0, 240),
(1695, 2, '11', 'E241', 0, 0, '', 0, 241),
(1696, 2, '11', 'E242', 0, 0, '', 0, 242),
(1697, 2, '11', 'E243', 0, 0, '', 0, 243),
(1698, 2, '11', 'E244', 0, 0, '', 0, 244),
(1699, 2, '11', 'E245', 0, 0, '', 0, 245),
(1700, 2, '11', 'E246', 0, 0, '', 0, 246),
(1701, 2, '11', 'E247', 0, 0, '', 0, 247),
(1702, 2, '11', 'E248', 0, 0, '', 0, 248),
(1703, 2, '11', 'E249', 0, 0, '', 0, 249),
(1704, 2, '11', 'E250', 0, 0, '', 0, 250),
(1705, 2, '11', 'E251', 0, 0, '', 0, 251),
(1706, 2, '11', 'E252', 0, 0, '', 0, 252),
(1707, 2, '11', 'E253', 0, 0, '', 0, 253),
(1708, 2, '11', 'E254', 0, 0, '', 0, 254),
(1709, 2, '11', 'E255', 0, 0, '', 0, 255),
(1710, 2, '11', 'E256', 0, 0, '', 0, 256),
(1711, 2, '11', 'E257', 0, 0, '', 0, 257),
(1712, 2, '11', 'E258', 0, 0, '', 0, 258),
(1713, 2, '11', 'E259', 0, 0, '', 0, 259),
(1714, 2, '11', 'E260', 0, 0, '', 0, 260),
(1715, 2, '11', 'E261', 0, 0, '', 0, 261),
(1716, 2, '11', 'E262', 0, 0, '', 0, 262),
(1717, 2, '11', 'E263', 0, 0, '', 0, 263),
(1718, 2, '11', 'E264', 0, 0, '', 0, 264),
(1719, 2, '11', 'E265', 0, 0, '', 0, 265),
(1720, 2, '11', 'E266', 0, 0, '', 0, 266),
(1721, 2, '11', 'E267', 0, 0, '', 0, 267),
(1722, 2, '11', 'E268', 0, 0, '', 0, 268),
(1723, 2, '11', 'E269', 0, 0, '', 0, 269),
(1724, 2, '11', 'E270', 0, 0, '', 0, 270),
(1725, 2, '11', 'E271', 0, 0, '', 0, 271),
(1726, 2, '11', 'E272', 0, 0, '', 0, 272),
(1727, 2, '11', 'E273', 0, 0, '', 0, 273),
(1728, 2, '11', 'E274', 0, 0, '', 0, 274),
(1729, 2, '11', 'E275', 0, 0, '', 0, 275),
(1730, 2, '11', 'E276', 0, 0, '', 0, 276),
(1731, 2, '11', 'E277', 0, 0, '', 0, 277),
(1732, 2, '11', 'E278', 0, 0, '', 0, 278),
(1733, 2, '11', 'E279', 0, 0, '', 0, 279),
(1734, 2, '11', 'E280', 0, 0, '', 0, 280),
(1735, 2, '11', 'E281', 0, 0, '', 0, 281),
(1736, 2, '11', 'E282', 0, 0, '', 0, 282),
(1737, 2, '11', 'E283', 0, 0, '', 0, 283),
(1738, 2, '11', 'E284', 0, 0, '', 0, 284),
(1739, 2, '11', 'E285', 0, 0, '', 0, 285),
(1740, 2, '11', 'E286', 0, 0, '', 0, 286),
(1741, 2, '11', 'E287', 0, 0, '', 0, 287),
(1742, 2, '11', 'E288', 0, 0, '', 0, 288),
(1743, 2, '11', 'E289', 0, 0, '', 0, 289),
(1744, 2, '11', 'E290', 0, 0, '', 0, 290),
(1745, 2, '11', 'E291', 0, 0, '', 0, 291),
(1746, 2, '11', 'E292', 0, 0, '', 0, 292),
(1747, 2, '11', 'E293', 0, 0, '', 0, 293),
(1748, 2, '11', 'E294', 0, 0, '', 0, 294),
(1749, 2, '11', 'E295', 0, 0, '', 0, 295),
(1750, 2, '11', 'E296', 0, 0, '', 0, 296),
(1751, 2, '11', 'E297', 0, 0, '', 0, 297),
(1752, 2, '11', 'E298', 0, 0, '', 0, 298),
(1753, 2, '11', 'E299', 0, 0, '', 0, 299),
(1754, 2, '11', 'E300', 0, 0, '', 0, 300),
(1755, 2, '11', 'E301', 0, 0, '', 0, 301),
(1756, 2, '11', 'E302', 0, 0, '', 0, 302),
(1757, 2, '11', 'E303', 0, 0, '', 0, 303),
(1758, 2, '11', 'E304', 0, 0, '', 0, 304),
(1759, 2, '11', 'E305', 0, 0, '', 0, 305),
(1760, 2, '11', 'E306', 0, 0, '', 0, 306),
(1761, 2, '11', 'E307', 0, 0, '', 0, 307),
(1762, 2, '11', 'E308', 0, 0, '', 0, 308),
(1763, 2, '11', 'E309', 0, 0, '', 0, 309),
(1764, 2, '11', 'E310', 0, 0, '', 0, 310),
(1765, 2, '11', 'E311', 0, 0, '', 0, 311),
(1766, 2, '11', 'E312', 0, 0, '', 0, 312),
(1767, 2, '11', 'E313', 0, 0, '', 0, 313),
(1768, 2, '11', 'E314', 0, 0, '', 0, 314),
(1769, 2, '11', 'E315', 0, 0, '', 0, 315),
(1770, 2, '11', 'E316', 0, 0, '', 0, 316),
(1771, 2, '11', 'E317', 0, 0, '', 0, 317),
(1772, 2, '11', 'E318', 0, 0, '', 0, 318),
(1773, 2, '11', 'E319', 0, 0, '', 0, 319),
(1774, 2, '11', 'E320', 0, 0, '', 0, 320),
(1775, 2, '11', 'E321', 0, 0, '', 0, 321),
(1776, 2, '11', 'E322', 0, 0, '', 0, 322),
(1777, 2, '11', 'E323', 0, 0, '', 0, 323),
(1778, 2, '11', 'E324', 0, 0, '', 0, 324),
(1779, 2, '11', 'E325', 0, 0, '', 0, 325),
(1780, 2, '11', 'E326', 0, 0, '', 0, 326),
(1781, 2, '11', 'E327', 0, 0, '', 0, 327),
(1782, 2, '11', 'E328', 0, 0, '', 0, 328),
(1783, 2, '11', 'E329', 0, 0, '', 0, 329),
(1784, 2, '11', 'E330', 0, 0, '', 0, 330),
(1785, 2, '11', 'E331', 0, 0, '', 0, 331),
(1786, 2, '11', 'E332', 0, 0, '', 0, 332),
(1787, 2, '11', 'E333', 0, 0, '', 0, 333),
(1788, 2, '11', 'E334', 0, 0, '', 0, 334),
(1789, 2, '11', 'E335', 0, 0, '', 0, 335),
(1790, 2, '11', 'E336', 0, 0, '', 0, 336),
(1791, 2, '11', 'E337', 0, 0, '', 0, 337),
(1792, 2, '11', 'E338', 0, 0, '', 0, 338),
(1793, 2, '11', 'E339', 0, 0, '', 0, 339),
(1794, 2, '11', 'E340', 0, 0, '', 0, 340),
(1795, 2, '11', 'E341', 0, 0, '', 0, 341),
(1796, 2, '11', 'E342', 0, 0, '', 0, 342),
(1797, 2, '11', 'E343', 0, 0, '', 0, 343),
(1798, 2, '11', 'E344', 0, 0, '', 0, 344),
(1799, 2, '11', 'E345', 0, 0, '', 0, 345),
(1800, 2, '11', 'E346', 0, 0, '', 0, 346),
(1801, 2, '11', 'E347', 0, 0, '', 0, 347),
(1802, 2, '11', 'E348', 0, 0, '', 0, 348),
(1803, 2, '11', 'E349', 0, 0, '', 0, 349),
(1804, 2, '11', 'E350', 0, 0, '', 0, 350),
(1805, 2, '11', 'E351', 0, 0, '', 0, 351),
(1806, 2, '11', 'E352', 0, 0, '', 0, 352),
(1807, 2, '11', 'E353', 0, 0, '', 0, 353),
(1808, 2, '11', 'E354', 0, 0, '', 0, 354),
(1809, 2, '11', 'E355', 0, 0, '', 0, 355),
(1810, 2, '11', 'E356', 0, 0, '', 0, 356),
(1811, 2, '11', 'E357', 0, 0, '', 0, 357),
(1812, 2, '11', 'E358', 0, 0, '', 0, 358),
(1813, 2, '11', 'E359', 0, 0, '', 0, 359),
(1814, 2, '11', 'E360', 0, 0, '', 0, 360),
(1815, 2, '11', 'E361', 0, 0, '', 0, 361),
(1816, 2, '11', 'E362', 0, 0, '', 0, 362),
(1817, 2, '11', 'E363', 0, 0, '', 0, 363),
(1818, 2, '11', 'E364', 0, 0, '', 0, 364),
(1819, 2, '11', 'E365', 0, 0, '', 0, 365),
(1820, 2, '11', 'E366', 0, 0, '', 0, 366),
(1821, 2, '11', 'E367', 0, 0, '', 0, 367),
(1822, 2, '11', 'E368', 0, 0, '', 0, 368),
(1823, 2, '11', 'E369', 0, 0, '', 0, 369),
(1824, 2, '11', 'E370', 0, 0, '', 0, 370),
(1825, 2, '11', 'E371', 0, 0, '', 0, 371),
(1826, 2, '11', 'E372', 0, 0, '', 0, 372),
(1827, 2, '11', 'E373', 0, 0, '', 0, 373),
(1828, 2, '11', 'E374', 0, 0, '', 0, 374),
(1829, 2, '11', 'E375', 0, 0, '', 0, 375),
(1830, 2, '11', 'E376', 0, 0, '', 0, 376),
(1831, 2, '11', 'E377', 0, 0, '', 0, 377),
(1832, 2, '11', 'E378', 0, 0, '', 0, 378),
(1833, 2, '11', 'E379', 0, 0, '', 0, 379),
(1834, 2, '11', 'E380', 0, 0, '', 0, 380),
(1835, 2, '11', 'E381', 0, 0, '', 0, 381),
(1836, 2, '11', 'E382', 0, 0, '', 0, 382),
(1837, 2, '11', 'E383', 0, 0, '', 0, 383),
(1838, 2, '11', 'E384', 0, 0, '', 0, 384),
(1839, 2, '11', 'E385', 0, 0, '', 0, 385),
(1840, 2, '11', 'E386', 0, 0, '', 0, 386),
(1841, 2, '11', 'E387', 0, 0, '', 0, 387),
(1842, 2, '11', 'E388', 0, 0, '', 0, 388),
(1843, 2, '11', 'E389', 0, 0, '', 0, 389),
(1844, 2, '11', 'E390', 0, 0, '', 0, 390),
(1845, 2, '11', 'E391', 0, 0, '', 0, 391),
(1846, 2, '11', 'E392', 0, 0, '', 0, 392),
(1847, 2, '11', 'E393', 0, 0, '', 0, 393),
(1848, 2, '11', 'E394', 0, 0, '', 0, 394),
(1849, 2, '11', 'E395', 0, 0, '', 0, 395),
(1850, 2, '11', 'E396', 0, 0, '', 0, 396),
(1851, 2, '11', 'E397', 0, 0, '', 0, 397),
(1852, 2, '11', 'E398', 0, 0, '', 0, 398),
(1853, 2, '11', 'E399', 0, 0, '', 0, 399),
(1854, 2, '11', 'E400', 0, 0, '', 0, 400),
(1855, 2, '12', 'C1', 0, 0, '', 0, 1),
(1856, 2, '12', 'C2', 0, 0, '', 0, 2),
(1857, 2, '12', 'C3', 0, 0, '', 0, 3),
(1858, 2, '12', 'C4', 0, 0, '', 0, 4),
(1859, 2, '12', 'C5', 0, 0, '', 0, 5),
(1860, 2, '12', 'C6', 0, 0, '', 0, 6),
(1861, 2, '12', 'C7', 0, 0, '', 0, 7),
(1862, 2, '12', 'C8', 0, 0, '', 0, 8),
(1863, 2, '12', 'C9', 0, 0, '', 0, 9),
(1864, 2, '12', 'C10', 0, 0, '', 0, 10),
(1865, 2, '12', 'C11', 0, 0, '', 0, 11),
(1866, 2, '12', 'C12', 0, 0, '', 0, 12),
(1867, 2, '12', 'C13', 0, 0, '', 0, 13),
(1868, 2, '12', 'C14', 0, 0, '', 0, 14),
(1869, 2, '12', 'C15', 0, 0, '', 0, 15),
(1870, 2, '12', 'C16', 0, 0, '', 0, 16),
(1871, 2, '12', 'C17', 0, 0, '', 0, 17),
(1872, 2, '12', 'C18', 0, 0, '', 0, 18),
(1873, 2, '12', 'C19', 0, 0, '', 0, 19),
(1874, 2, '12', 'C20', 0, 0, '', 0, 20),
(1875, 2, '12', 'C21', 0, 0, '', 0, 21),
(1876, 2, '12', 'C22', 0, 0, '', 0, 22),
(1877, 2, '12', 'C23', 0, 0, '', 0, 23),
(1878, 2, '12', 'C24', 0, 0, '', 0, 24),
(1879, 2, '12', 'C25', 0, 0, '', 0, 25),
(1880, 2, '12', 'C26', 0, 0, '', 0, 26),
(1881, 2, '12', 'C27', 0, 0, '', 0, 27),
(1882, 2, '12', 'C28', 0, 0, '', 0, 28),
(1883, 2, '12', 'C29', 0, 0, '', 0, 29),
(1884, 2, '12', 'C30', 0, 0, '', 0, 30),
(1885, 2, '12', 'C31', 0, 0, '', 0, 31),
(1886, 2, '12', 'C32', 0, 0, '', 0, 32),
(1887, 2, '12', 'C33', 0, 0, '', 0, 33),
(1888, 2, '12', 'C34', 0, 0, '', 0, 34),
(1889, 2, '12', 'C35', 0, 0, '', 0, 35),
(1890, 2, '12', 'C36', 0, 0, '', 0, 36),
(1891, 2, '12', 'C37', 0, 0, '', 0, 37),
(1892, 2, '12', 'C38', 0, 0, '', 0, 38),
(1893, 2, '12', 'C39', 0, 0, '', 0, 39),
(1894, 2, '12', 'C40', 0, 0, '', 0, 40),
(1895, 2, '12', 'C41', 0, 0, '', 0, 41),
(1896, 2, '12', 'C42', 0, 0, '', 0, 42),
(1897, 2, '12', 'C43', 0, 0, '', 0, 43),
(1898, 2, '12', 'C44', 0, 0, '', 0, 44),
(1899, 2, '12', 'C45', 0, 0, '', 0, 45),
(1900, 2, '12', 'C46', 0, 0, '', 0, 46),
(1901, 2, '12', 'C47', 0, 0, '', 0, 47),
(1902, 2, '12', 'C48', 0, 0, '', 0, 48),
(1903, 2, '12', 'C49', 0, 0, '', 0, 49),
(1904, 2, '12', 'C50', 0, 0, '', 0, 50),
(1905, 2, '12', 'C51', 0, 0, '', 0, 51),
(1906, 2, '12', 'C52', 0, 0, '', 0, 52),
(1907, 2, '12', 'C53', 0, 0, '', 0, 53),
(1908, 2, '12', 'C54', 0, 0, '', 0, 54),
(1909, 2, '12', 'C55', 0, 0, '', 0, 55),
(1910, 2, '12', 'C56', 0, 0, '', 0, 56),
(1911, 2, '12', 'C57', 0, 0, '', 0, 57),
(1912, 2, '12', 'C58', 0, 0, '', 0, 58),
(1913, 2, '12', 'C59', 0, 0, '', 0, 59),
(1914, 2, '12', 'C60', 0, 0, '', 0, 60),
(1915, 2, '12', 'C61', 0, 0, '', 0, 61),
(1916, 2, '12', 'C62', 0, 0, '', 0, 62),
(1917, 2, '12', 'C63', 0, 0, '', 0, 63),
(1918, 2, '12', 'C64', 0, 0, '', 0, 64),
(1919, 2, '12', 'C65', 0, 0, '', 0, 65),
(1920, 2, '12', 'C66', 0, 0, '', 0, 66),
(1921, 2, '12', 'C67', 0, 0, '', 0, 67),
(1922, 2, '12', 'C68', 0, 0, '', 0, 68),
(1923, 2, '12', 'C69', 0, 0, '', 0, 69),
(1924, 2, '12', 'C70', 0, 0, '', 0, 70),
(1925, 2, '12', 'C71', 0, 0, '', 0, 71),
(1926, 2, '12', 'C72', 0, 0, '', 0, 72),
(1927, 2, '12', 'C73', 0, 0, '', 0, 73),
(1928, 2, '12', 'C74', 0, 0, '', 0, 74),
(1929, 2, '12', 'C75', 0, 0, '', 0, 75),
(1930, 2, '12', 'C76', 0, 0, '', 0, 76),
(1931, 2, '12', 'C77', 0, 0, '', 0, 77),
(1932, 2, '12', 'C78', 0, 0, '', 0, 78),
(1933, 2, '12', 'C79', 0, 0, '', 0, 79),
(1934, 2, '12', 'C80', 0, 0, '', 0, 80),
(1935, 2, '12', 'C81', 0, 0, '', 0, 81),
(1936, 2, '12', 'C82', 0, 0, '', 0, 82),
(1937, 2, '12', 'C83', 0, 0, '', 0, 83),
(1938, 2, '12', 'C84', 0, 0, '', 0, 84),
(1939, 2, '12', 'C85', 0, 0, '', 0, 85),
(1940, 2, '12', 'C86', 0, 0, '', 0, 86),
(1941, 2, '12', 'C87', 0, 0, '', 0, 87),
(1942, 2, '12', 'C88', 0, 0, '', 0, 88),
(1943, 2, '12', 'C89', 0, 0, '', 0, 89),
(1944, 2, '12', 'C90', 0, 0, '', 0, 90),
(1945, 2, '12', 'C91', 0, 0, '', 0, 91),
(1946, 2, '12', 'C92', 0, 0, '', 0, 92),
(1947, 2, '12', 'C93', 0, 0, '', 0, 93),
(1948, 2, '12', 'C94', 0, 0, '', 0, 94),
(1949, 2, '12', 'C95', 0, 0, '', 0, 95),
(1950, 2, '12', 'C96', 0, 0, '', 0, 96),
(1951, 2, '12', 'C97', 0, 0, '', 0, 97),
(1952, 2, '12', 'C98', 0, 0, '', 0, 98),
(1953, 2, '12', 'C99', 0, 0, '', 0, 99),
(1954, 2, '12', 'C100', 0, 0, '', 0, 100),
(1955, 2, '12', 'C101', 0, 0, '', 0, 101),
(1956, 2, '12', 'C102', 0, 0, '', 0, 102),
(1957, 2, '12', 'C103', 0, 0, '', 0, 103),
(1958, 2, '12', 'C104', 0, 0, '', 0, 104),
(1959, 2, '12', 'C105', 0, 0, '', 0, 105),
(1960, 2, '12', 'C106', 0, 0, '', 0, 106),
(1961, 2, '12', 'C107', 0, 0, '', 0, 107),
(1962, 2, '12', 'C108', 0, 0, '', 0, 108),
(1963, 2, '12', 'C109', 0, 0, '', 0, 109),
(1964, 2, '12', 'C110', 0, 0, '', 0, 110),
(1965, 2, '12', 'C111', 0, 0, '', 0, 111),
(1966, 2, '12', 'C112', 0, 0, '', 0, 112),
(1967, 2, '12', 'C113', 0, 0, '', 0, 113),
(1968, 2, '12', 'C114', 0, 0, '', 0, 114),
(1969, 2, '12', 'C115', 0, 0, '', 0, 115),
(1970, 2, '12', 'C116', 0, 0, '', 0, 116),
(1971, 2, '12', 'C117', 0, 0, '', 0, 117),
(1972, 2, '12', 'C118', 0, 0, '', 0, 118),
(1973, 2, '12', 'C119', 0, 0, '', 0, 119),
(1974, 2, '12', 'C120', 0, 0, '', 0, 120),
(1975, 2, '12', 'C121', 0, 0, '', 0, 121),
(1976, 2, '12', 'C122', 0, 0, '', 0, 122),
(1977, 2, '12', 'C123', 0, 0, '', 0, 123),
(1978, 2, '12', 'C124', 0, 0, '', 0, 124),
(1979, 2, '12', 'C125', 0, 0, '', 0, 125),
(1980, 2, '12', 'C126', 0, 0, '', 0, 126),
(1981, 2, '12', 'C127', 0, 0, '', 0, 127),
(1982, 2, '12', 'C128', 0, 0, '', 0, 128),
(1983, 2, '12', 'C129', 0, 0, '', 0, 129),
(1984, 2, '12', 'C130', 0, 0, '', 0, 130),
(1985, 2, '12', 'C131', 0, 0, '', 0, 131),
(1986, 2, '12', 'C132', 0, 0, '', 0, 132),
(1987, 2, '12', 'C133', 0, 0, '', 0, 133),
(1988, 2, '12', 'C134', 0, 0, '', 0, 134),
(1989, 2, '12', 'C135', 0, 0, '', 0, 135),
(1990, 2, '12', 'C136', 0, 0, '', 0, 136),
(1991, 2, '12', 'C137', 0, 0, '', 0, 137),
(1992, 2, '12', 'C138', 0, 0, '', 0, 138),
(1993, 2, '12', 'C139', 0, 0, '', 0, 139),
(1994, 2, '12', 'C140', 0, 0, '', 0, 140),
(1995, 2, '12', 'C141', 0, 0, '', 0, 141),
(1996, 2, '12', 'C142', 0, 0, '', 0, 142),
(1997, 2, '12', 'C143', 0, 0, '', 0, 143),
(1998, 2, '12', 'C144', 0, 0, '', 0, 144),
(1999, 2, '12', 'C145', 0, 0, '', 0, 145),
(2000, 2, '12', 'C146', 0, 0, '', 0, 146),
(2001, 2, '12', 'C147', 0, 0, '', 0, 147),
(2002, 2, '12', 'C148', 0, 0, '', 0, 148),
(2003, 2, '12', 'C149', 0, 0, '', 0, 149),
(2004, 2, '12', 'C150', 0, 0, '', 0, 150),
(2005, 2, '12', 'C151', 0, 0, '', 0, 151),
(2006, 2, '12', 'C152', 0, 0, '', 0, 152),
(2007, 2, '12', 'C153', 0, 0, '', 0, 153),
(2008, 2, '12', 'C154', 0, 0, '', 0, 154),
(2009, 2, '12', 'C155', 0, 0, '', 0, 155),
(2010, 2, '12', 'C156', 0, 0, '', 0, 156),
(2011, 2, '12', 'C157', 0, 0, '', 0, 157),
(2012, 2, '12', 'C158', 0, 0, '', 0, 158),
(2013, 2, '12', 'C159', 0, 0, '', 0, 159),
(2014, 2, '12', 'C160', 0, 0, '', 0, 160),
(2015, 2, '12', 'C161', 0, 0, '', 0, 161),
(2016, 2, '12', 'C162', 0, 0, '', 0, 162),
(2017, 2, '12', 'C163', 0, 0, '', 0, 163),
(2018, 2, '12', 'C164', 0, 0, '', 0, 164),
(2019, 2, '12', 'C165', 0, 0, '', 0, 165),
(2020, 2, '12', 'C166', 0, 0, '', 0, 166),
(2021, 2, '12', 'C167', 0, 0, '', 0, 167),
(2022, 2, '12', 'C168', 0, 0, '', 0, 168),
(2023, 2, '12', 'C169', 0, 0, '', 0, 169),
(2024, 2, '12', 'C170', 0, 0, '', 0, 170),
(2025, 2, '12', 'C171', 0, 0, '', 0, 171),
(2026, 2, '12', 'C172', 0, 0, '', 0, 172),
(2027, 2, '12', 'C173', 0, 0, '', 0, 173),
(2028, 2, '12', 'C174', 0, 0, '', 0, 174),
(2029, 2, '12', 'C175', 0, 0, '', 0, 175),
(2030, 2, '12', 'C176', 0, 0, '', 0, 176),
(2031, 2, '12', 'C177', 0, 0, '', 0, 177),
(2032, 2, '12', 'C178', 0, 0, '', 0, 178),
(2033, 2, '12', 'C179', 0, 0, '', 0, 179),
(2034, 2, '12', 'C180', 0, 0, '', 0, 180),
(2035, 2, '12', 'C181', 0, 0, '', 0, 181),
(2036, 2, '12', 'C182', 0, 0, '', 0, 182),
(2037, 2, '12', 'C183', 0, 0, '', 0, 183),
(2038, 2, '12', 'C184', 0, 0, '', 0, 184),
(2039, 2, '12', 'C185', 0, 0, '', 0, 185),
(2040, 2, '12', 'C186', 0, 0, '', 0, 186),
(2041, 2, '12', 'C187', 0, 0, '', 0, 187),
(2042, 2, '12', 'C188', 0, 0, '', 0, 188),
(2043, 2, '12', 'C189', 0, 0, '', 0, 189),
(2044, 2, '12', 'C190', 0, 0, '', 0, 190),
(2045, 2, '12', 'C191', 0, 0, '', 0, 191),
(2046, 2, '12', 'C192', 0, 0, '', 0, 192),
(2047, 2, '12', 'C193', 0, 0, '', 0, 193),
(2048, 2, '12', 'C194', 0, 0, '', 0, 194),
(2049, 2, '12', 'C195', 0, 0, '', 0, 195),
(2050, 2, '12', 'C196', 0, 0, '', 0, 196),
(2051, 2, '12', 'C197', 0, 0, '', 0, 197),
(2052, 2, '12', 'C198', 0, 0, '', 0, 198),
(2053, 2, '12', 'C199', 0, 0, '', 0, 199),
(2054, 2, '12', 'C200', 0, 0, '', 0, 200),
(2055, 2, '12', 'C201', 0, 0, '', 0, 201),
(2056, 2, '12', 'C202', 0, 0, '', 0, 202),
(2057, 2, '12', 'C203', 0, 0, '', 0, 203),
(2058, 2, '12', 'C204', 0, 0, '', 0, 204),
(2059, 2, '12', 'C205', 0, 0, '', 0, 205),
(2060, 2, '12', 'C206', 0, 0, '', 0, 206),
(2061, 2, '12', 'C207', 0, 0, '', 0, 207),
(2062, 2, '12', 'C208', 0, 0, '', 0, 208),
(2063, 2, '12', 'C209', 0, 0, '', 0, 209),
(2064, 2, '12', 'C210', 0, 0, '', 0, 210),
(2065, 2, '12', 'C211', 0, 0, '', 0, 211),
(2066, 2, '12', 'C212', 0, 0, '', 0, 212),
(2067, 2, '12', 'C213', 0, 0, '', 0, 213),
(2068, 2, '12', 'C214', 0, 0, '', 0, 214),
(2069, 2, '12', 'C215', 0, 0, '', 0, 215),
(2070, 2, '12', 'C216', 0, 0, '', 0, 216),
(2071, 2, '12', 'C217', 0, 0, '', 0, 217),
(2072, 2, '12', 'C218', 0, 0, '', 0, 218),
(2073, 2, '12', 'C219', 0, 0, '', 0, 219),
(2074, 2, '12', 'C220', 0, 0, '', 0, 220),
(2075, 2, '12', 'C221', 0, 0, '', 0, 221),
(2076, 2, '12', 'C222', 0, 0, '', 0, 222),
(2077, 2, '12', 'C223', 0, 0, '', 0, 223),
(2078, 2, '12', 'C224', 0, 0, '', 0, 224),
(2079, 2, '12', 'C225', 0, 0, '', 0, 225),
(2080, 2, '12', 'C226', 0, 0, '', 0, 226),
(2081, 2, '12', 'C227', 0, 0, '', 0, 227),
(2082, 2, '12', 'C228', 0, 0, '', 0, 228),
(2083, 2, '12', 'C229', 0, 0, '', 0, 229),
(2084, 2, '12', 'C230', 0, 0, '', 0, 230),
(2085, 2, '12', 'C231', 0, 0, '', 0, 231),
(2086, 2, '12', 'C232', 0, 0, '', 0, 232),
(2087, 2, '12', 'C233', 0, 0, '', 0, 233),
(2088, 2, '12', 'C234', 0, 0, '', 0, 234),
(2089, 2, '12', 'C235', 0, 0, '', 0, 235),
(2090, 2, '12', 'C236', 0, 0, '', 0, 236),
(2091, 2, '12', 'C237', 0, 0, '', 0, 237),
(2092, 2, '12', 'C238', 0, 0, '', 0, 238),
(2093, 2, '12', 'C239', 0, 0, '', 0, 239),
(2094, 2, '12', 'C240', 0, 0, '', 0, 240),
(2095, 2, '12', 'C241', 0, 0, '', 0, 241),
(2096, 2, '12', 'C242', 0, 0, '', 0, 242),
(2097, 2, '12', 'C243', 0, 0, '', 0, 243),
(2098, 2, '12', 'C244', 0, 0, '', 0, 244),
(2099, 2, '12', 'C245', 0, 0, '', 0, 245),
(2100, 2, '12', 'C246', 0, 0, '', 0, 246),
(2101, 2, '12', 'C247', 0, 0, '', 0, 247),
(2102, 2, '12', 'C248', 0, 0, '', 0, 248),
(2103, 2, '12', 'C249', 0, 0, '', 0, 249),
(2104, 2, '12', 'C250', 0, 0, '', 0, 250),
(2105, 2, '12', 'C251', 0, 0, '', 0, 251),
(2106, 2, '12', 'C252', 0, 0, '', 0, 252),
(2107, 2, '12', 'C253', 0, 0, '', 0, 253),
(2108, 2, '12', 'C254', 0, 0, '', 0, 254),
(2109, 2, '12', 'C255', 0, 0, '', 0, 255),
(2110, 2, '12', 'C256', 0, 0, '', 0, 256),
(2111, 2, '12', 'C257', 0, 0, '', 0, 257),
(2112, 2, '12', 'C258', 0, 0, '', 0, 258),
(2113, 2, '12', 'C259', 0, 0, '', 0, 259),
(2114, 2, '12', 'C260', 0, 0, '', 0, 260),
(2115, 2, '12', 'C261', 0, 0, '', 0, 261),
(2116, 2, '12', 'C262', 0, 0, '', 0, 262),
(2117, 2, '12', 'C263', 0, 0, '', 0, 263),
(2118, 2, '12', 'C264', 0, 0, '', 0, 264),
(2119, 2, '12', 'C265', 0, 0, '', 0, 265),
(2120, 2, '12', 'C266', 0, 0, '', 0, 266),
(2121, 2, '12', 'C267', 0, 0, '', 0, 267),
(2122, 2, '12', 'C268', 0, 0, '', 0, 268),
(2123, 2, '12', 'C269', 0, 0, '', 0, 269),
(2124, 2, '12', 'C270', 0, 0, '', 0, 270),
(2125, 2, '12', 'C271', 0, 0, '', 0, 271),
(2126, 2, '12', 'C272', 0, 0, '', 0, 272),
(2127, 2, '12', 'C273', 0, 0, '', 0, 273),
(2128, 2, '12', 'C274', 0, 0, '', 0, 274),
(2129, 2, '12', 'C275', 0, 0, '', 0, 275),
(2130, 2, '12', 'C276', 0, 0, '', 0, 276),
(2131, 2, '12', 'C277', 0, 0, '', 0, 277),
(2132, 2, '12', 'C278', 0, 0, '', 0, 278),
(2133, 2, '12', 'C279', 0, 0, '', 0, 279),
(2134, 2, '12', 'C280', 0, 0, '', 0, 280),
(2135, 2, '12', 'C281', 0, 0, '', 0, 281),
(2136, 2, '12', 'C282', 0, 0, '', 0, 282),
(2137, 2, '12', 'C283', 0, 0, '', 0, 283),
(2138, 2, '12', 'C284', 0, 0, '', 0, 284),
(2139, 2, '12', 'C285', 0, 0, '', 0, 285),
(2140, 2, '12', 'C286', 0, 0, '', 0, 286),
(2141, 2, '12', 'C287', 0, 0, '', 0, 287),
(2142, 2, '12', 'C288', 0, 0, '', 0, 288),
(2143, 2, '12', 'C289', 0, 0, '', 0, 289),
(2144, 2, '12', 'C290', 0, 0, '', 0, 290),
(2145, 2, '12', 'C291', 0, 0, '', 0, 291),
(2146, 2, '12', 'C292', 0, 0, '', 0, 292),
(2147, 2, '12', 'C293', 0, 0, '', 0, 293),
(2148, 2, '12', 'C294', 0, 0, '', 0, 294),
(2149, 2, '12', 'C295', 0, 0, '', 0, 295),
(2150, 2, '12', 'C296', 0, 0, '', 0, 296),
(2151, 2, '12', 'C297', 0, 0, '', 0, 297),
(2152, 2, '12', 'C298', 0, 0, '', 0, 298),
(2153, 2, '12', 'C299', 0, 0, '', 0, 299),
(2154, 2, '12', 'C300', 0, 0, '', 0, 300),
(2155, 2, '12', 'C301', 0, 0, '', 0, 301),
(2156, 2, '12', 'C302', 0, 0, '', 0, 302),
(2157, 2, '12', 'C303', 0, 0, '', 0, 303),
(2158, 2, '12', 'C304', 0, 0, '', 0, 304),
(2159, 2, '12', 'C305', 0, 0, '', 0, 305),
(2160, 2, '12', 'C306', 0, 0, '', 0, 306),
(2161, 2, '12', 'C307', 0, 0, '', 0, 307),
(2162, 2, '12', 'C308', 0, 0, '', 0, 308),
(2163, 2, '12', 'C309', 0, 0, '', 0, 309),
(2164, 2, '12', 'C310', 0, 0, '', 0, 310),
(2165, 2, '12', 'C311', 0, 0, '', 0, 311),
(2166, 2, '12', 'C312', 0, 0, '', 0, 312),
(2167, 2, '12', 'C313', 0, 0, '', 0, 313),
(2168, 2, '12', 'C314', 0, 0, '', 0, 314),
(2169, 2, '12', 'C315', 0, 0, '', 0, 315),
(2170, 2, '12', 'C316', 0, 0, '', 0, 316),
(2171, 2, '12', 'C317', 0, 0, '', 0, 317),
(2172, 2, '12', 'C318', 0, 0, '', 0, 318),
(2173, 2, '12', 'C319', 0, 0, '', 0, 319),
(2174, 2, '12', 'C320', 0, 0, '', 0, 320),
(2175, 2, '12', 'C321', 0, 0, '', 0, 321),
(2176, 2, '12', 'C322', 0, 0, '', 0, 322),
(2177, 2, '12', 'C323', 0, 0, '', 0, 323),
(2178, 2, '12', 'C324', 0, 0, '', 0, 324),
(2179, 2, '12', 'C325', 0, 0, '', 0, 325),
(2180, 2, '12', 'C326', 0, 0, '', 0, 326),
(2181, 2, '12', 'C327', 0, 0, '', 0, 327),
(2182, 2, '12', 'C328', 0, 0, '', 0, 328),
(2183, 2, '12', 'C329', 0, 0, '', 0, 329),
(2184, 2, '12', 'C330', 0, 0, '', 0, 330),
(2185, 2, '12', 'C331', 0, 0, '', 0, 331),
(2186, 2, '12', 'C332', 0, 0, '', 0, 332),
(2187, 2, '12', 'C333', 0, 0, '', 0, 333),
(2188, 2, '12', 'C334', 0, 0, '', 0, 334),
(2189, 2, '12', 'C335', 0, 0, '', 0, 335),
(2190, 2, '12', 'C336', 0, 0, '', 0, 336),
(2191, 2, '12', 'C337', 0, 0, '', 0, 337),
(2192, 2, '12', 'C338', 0, 0, '', 0, 338),
(2193, 2, '12', 'C339', 0, 0, '', 0, 339),
(2194, 2, '12', 'C340', 0, 0, '', 0, 340),
(2195, 2, '12', 'C341', 0, 0, '', 0, 341),
(2196, 2, '12', 'C342', 0, 0, '', 0, 342),
(2197, 2, '12', 'C343', 0, 0, '', 0, 343),
(2198, 2, '12', 'C344', 0, 0, '', 0, 344),
(2199, 2, '12', 'C345', 0, 0, '', 0, 345),
(2200, 2, '12', 'C346', 0, 0, '', 0, 346),
(2201, 2, '12', 'C347', 0, 0, '', 0, 347),
(2202, 2, '12', 'C348', 0, 0, '', 0, 348),
(2203, 2, '12', 'C349', 0, 0, '', 0, 349),
(2204, 2, '12', 'C350', 0, 0, '', 0, 350),
(2205, 2, '12', 'C351', 0, 0, '', 0, 351),
(2206, 2, '12', 'C352', 0, 0, '', 0, 352),
(2207, 2, '12', 'C353', 0, 0, '', 0, 353),
(2208, 2, '12', 'C354', 0, 0, '', 0, 354),
(2209, 2, '12', 'C355', 0, 0, '', 0, 355),
(2210, 2, '12', 'C356', 0, 0, '', 0, 356),
(2211, 2, '12', 'C357', 0, 0, '', 0, 357),
(2212, 2, '12', 'C358', 0, 0, '', 0, 358),
(2213, 2, '12', 'C359', 0, 0, '', 0, 359),
(2214, 2, '12', 'C360', 0, 0, '', 0, 360),
(2215, 2, '12', 'C361', 0, 0, '', 0, 361),
(2216, 2, '12', 'C362', 0, 0, '', 0, 362),
(2217, 2, '12', 'C363', 0, 0, '', 0, 363),
(2218, 2, '12', 'C364', 0, 0, '', 0, 364),
(2219, 2, '12', 'C365', 0, 0, '', 0, 365),
(2220, 2, '12', 'C366', 0, 0, '', 0, 366),
(2221, 2, '12', 'C367', 0, 0, '', 0, 367),
(2222, 2, '12', 'C368', 0, 0, '', 0, 368),
(2223, 2, '12', 'C369', 0, 0, '', 0, 369),
(2224, 2, '12', 'C370', 0, 0, '', 0, 370),
(2225, 2, '12', 'C371', 0, 0, '', 0, 371),
(2226, 2, '12', 'C372', 0, 0, '', 0, 372),
(2227, 2, '12', 'C373', 0, 0, '', 0, 373),
(2228, 2, '12', 'C374', 0, 0, '', 0, 374),
(2229, 2, '12', 'C375', 0, 0, '', 0, 375),
(2230, 2, '12', 'C376', 0, 0, '', 0, 376),
(2231, 2, '12', 'C377', 0, 0, '', 0, 377),
(2232, 2, '12', 'C378', 0, 0, '', 0, 378),
(2233, 2, '12', 'C379', 0, 0, '', 0, 379),
(2234, 2, '12', 'C380', 0, 0, '', 0, 380),
(2235, 2, '12', 'C381', 0, 0, '', 0, 381),
(2236, 2, '12', 'C382', 0, 0, '', 0, 382),
(2237, 2, '12', 'C383', 0, 0, '', 0, 383),
(2238, 2, '12', 'C384', 0, 0, '', 0, 384),
(2239, 2, '12', 'C385', 0, 0, '', 0, 385),
(2240, 2, '12', 'C386', 0, 0, '', 0, 386),
(2241, 2, '12', 'C387', 0, 0, '', 0, 387),
(2242, 2, '12', 'C388', 0, 0, '', 0, 388),
(2243, 2, '12', 'C389', 0, 0, '', 0, 389),
(2244, 2, '12', 'C390', 0, 0, '', 0, 390),
(2245, 2, '12', 'C391', 0, 0, '', 0, 391),
(2246, 2, '12', 'C392', 0, 0, '', 0, 392),
(2247, 2, '12', 'C393', 0, 0, '', 0, 393),
(2248, 2, '12', 'C394', 0, 0, '', 0, 394),
(2249, 2, '12', 'C395', 0, 0, '', 0, 395),
(2250, 2, '12', 'C396', 0, 0, '', 0, 396),
(2251, 2, '12', 'C397', 0, 0, '', 0, 397),
(2252, 2, '12', 'C398', 0, 0, '', 0, 398),
(2253, 2, '12', 'C399', 0, 0, '', 0, 399),
(2254, 2, '12', 'C400', 0, 0, '', 0, 400);

--
-- 转存表中的数据 `qs_jobfair_position_img`
--

INSERT INTO `qs_jobfair_position_img` (`id`, `jobfair_id`, `img`) VALUES
(1,2,'16/09/26/57e888401f3c0.png');

--
-- 转存表中的数据 `qs_navigation`
--

INSERT INTO `qs_navigation` (`id`, `alias`, `urltype`, `display`, `title`, `color`, `pagealias`, `list_id`, `tag`, `url`, `target`, `navigationorder`, `is_personal`) VALUES
(NULL,'QS_top',0,1,'招聘会','','QS_jobfairlist','','jobfair','','_self',0,1);

--
-- 转存表中的数据 `qs_page`
--

INSERT INTO `qs_page` VALUES
(NULL,1,2,'QS_jobfairlist','招聘会列表','Jobfair','index','index','',0,0,'jobfair','招聘会 - {site_name}','','','','Home'),
(NULL,1,3,'QS_jobfairshow','招聘会详细页','Jobfair','index','jobfair_show','',0,0,'jobfair','{title} - 招聘会 - {site_name}','{introduction},{address},{bus}','{title},{address},{bus}','a:5:{s:5:\"title\";s:15:\"招聘会标题\";s:12:\"introduction\";s:15:\"招聘会简介\";s:7:\"address\";s:12:\"举办地址\";s:3:\"bus\";s:12:\"乘车路线\";s:6:\"number\";s:9:\"展位数\";}','Home'),
(NULL,1,2,'QS_jobfairexhibitors','参会企业列表','Jobfair','Index','jobfair_com','',0,0,'jobfair','{title} - 参会企业 - 招聘会 - {site_name}','{introduction},{address},{bus}','{title},{address},{bus}','a:5:{s:5:\"title\";s:15:\"招聘会标题\";s:12:\"introduction\";s:15:\"招聘会简介\";s:7:\"address\";s:12:\"举办地址\";s:3:\"bus\";s:12:\"乘车路线\";s:6:\"number\";s:9:\"展位数\";}','Home'),
(NULL,1,3,'QS_jobfair_booth','招聘会预定','Jobfair','Index','jobfair_reserve','',0,0,'jobfair','{title}- 预定 - 招聘会 - {site_name}','{introduction},{address},{bus}','{title},{address},{bus}','a:6:{s:5:\"title\";s:15:\"招聘会标题\";s:12:\"introduction\";s:15:\"招聘会简介\";s:7:\"address\";s:12:\"举办地址\";s:3:\"bus\";s:12:\"乘车路线\";s:8:\"trade_cn\";s:12:\"参会行业\";s:6:\"number\";s:9:\"展位数\";}','Home'),
(NULL,1,1,'QS_jobfair_traffic','招聘会乘车路线','Jobfair','Index','jobfair_traffic','',0,0,'jobfair','{title}- 乘车路线 - 招聘会 - {site_name}','{introduction},{address},{bus}','{title},{address},{bus}','a:6:{s:5:\"title\";s:15:\"招聘会标题\";s:12:\"introduction\";s:15:\"招聘会简介\";s:7:\"address\";s:12:\"举办地址\";s:3:\"bus\";s:12:\"乘车路线\";s:8:\"trade_cn\";s:12:\"参会行业\";s:6:\"number\";s:9:\"展位数\";}','Home'),
(NULL,1,3,'QS_jobfair_retrospect','招聘会精彩回顾','Jobfair','Index','jobfair_retrospect','',0,0,'jobfair','{title}- 精彩回顾 - 招聘会 - {site_name}','{introduction},{address},{bus}','{title},{address},{bus}','a:6:{s:5:\"title\";s:15:\"招聘会标题\";s:12:\"introduction\";s:15:\"招聘会简介\";s:7:\"address\";s:12:\"举办地址\";s:3:\"bus\";s:12:\"乘车路线\";s:8:\"trade_cn\";s:12:\"参会行业\";s:6:\"number\";s:9:\"展位数\";}','Home');